split,image,object_id,x1,y1,x2,y2
train,train_000.png,0,37,272,67,290
train,train_000.png,1,217,299,253,313
train,train_000.png,2,259,218,315,236
train,train_000.png,3,26,41,74,57
train,train_001.png,0,25,173,75,189
train,train_001.png,1,154,120,196,132
train,train_001.png,2,249,95,303,113
train,train_001.png,3,49,350,85,364
train,train_001.png,4,108,334,152,352
train,train_001.png,5,313,206,351,224
train,train_002.png,0,68,113,100,131
train,train_002.png,1,48,338,86,358
train,train_002.png,2,327,87,355,107
train,train_002.png,3,191,87,243,101
train,train_002.png,4,304,232,346,246
train,train_002.png,5,189,205,227,223
train,train_002.png,6,107,99,161,111
train,train_002.png,7,138,48,174,64
train,train_003.png,0,235,351,281,365
train,train_003.png,1,215,281,245,297
train,train_003.png,2,183,303,235,319
train,train_003.png,3,197,297,253,313
train,train_004.png,0,83,293,127,303
train,train_004.png,1,65,120,101,130
train,train_004.png,2,33,363,61,379
train,train_004.png,3,206,226,236,240
train,train_004.png,4,127,254,179,266
train,train_004.png,5,351,333,407,351
train,train_004.png,6,157,256,203,274
train,train_005.png,0,321,365,373,375
train,train_005.png,1,127,317,159,333
train,train_005.png,2,89,68,121,86
train,train_005.png,3,142,231,180,247
train,train_005.png,4,34,144,62,162
train,train_005.png,5,276,130,312,146
train,train_005.png,6,24,172,72,188
train,train_006.png,0,165,82,207,100
train,train_006.png,1,155,157,207,173
train,train_006.png,2,245,328,287,340
train,train_006.png,3,72,329,110,339
train,train_006.png,4,272,381,324,395
train,train_006.png,5,181,340,223,360
train,train_006.png,6,327,107,377,127
train,train_006.png,7,226,113,278,123
train,train_007.png,0,229,69,279,89
train,train_007.png,1,165,38,203,50
train,train_007.png,2,20,296,70,316
train,train_007.png,3,87,175,129,187
train,train_007.png,4,216,187,264,199
train,train_007.png,5,133,316,181,328
train,train_007.png,6,267,293,295,305
train,train_007.png,7,300,218,328,228
train,train_008.png,0,145,326,175,336
train,train_008.png,1,342,48,374,66
train,train_008.png,2,155,41,191,57
train,train_008.png,3,117,355,171,373
train,train_008.png,4,28,94,74,104
train,train_008.png,5,97,257,137,273
train,train_008.png,6,124,279,160,299
train,train_008.png,7,134,238,170,254
train,train_008.png,8,281,164,333,180
train,train_009.png,0,316,320,356,330
train,train_009.png,1,250,154,286,168
train,train_009.png,2,57,127,101,137
train,train_009.png,3,163,278,207,296
train,train_009.png,4,134,75,178,89
train,train_009.png,5,80,67,130,77
train,train_010.png,0,65,252,115,266
train,train_010.png,1,98,275,130,285
train,train_010.png,2,36,340,64,360
train,train_010.png,3,71,167,123,177
train,train_010.png,4,311,110,339,126
train,train_011.png,0,101,320,133,336
train,train_011.png,1,317,299,367,315
train,train_011.png,2,286,68,320,88
train,train_011.png,3,276,150,318,164
train,train_012.png,0,280,249,312,267
train,train_012.png,1,312,146,348,156
train,train_012.png,2,254,142,294,152
train,train_012.png,3,170,202,208,212
train,train_013.png,0,342,228,374,244
train,train_013.png,1,198,114,254,130
train,train_013.png,2,42,27,86,45
train,train_013.png,3,283,155,333,165
train,train_013.png,4,27,99,59,119
train,train_013.png,5,94,190,146,208
train,train_013.png,6,75,113,103,129
train,train_014.png,0,215,365,261,381
train,train_014.png,1,145,309,175,327
train,train_014.png,2,290,361,330,381
train,train_014.png,3,74,45,106,59
train,train_014.png,4,230,113,280,127
train,train_015.png,0,174,191,218,207
train,train_015.png,1,191,372,233,384
train,train_015.png,2,320,281,366,299
train,train_015.png,3,117,320,157,338
train,train_015.png,4,140,146,192,162
train,train_016.png,0,330,53,360,67
train,train_016.png,1,173,63,227,77
train,train_016.png,2,89,284,133,302
train,train_016.png,3,212,260,256,278
train,train_016.png,4,251,323,303,335
train,train_016.png,5,84,64,124,84
train,train_016.png,6,354,75,402,87
train,train_016.png,7,236,336,276,346
train,train_017.png,0,183,337,213,351
train,train_017.png,1,30,49,68,63
train,train_017.png,2,93,367,143,385
train,train_017.png,3,293,91,349,101
train,train_018.png,0,145,246,199,258
train,train_018.png,1,167,382,205,392
train,train_018.png,2,31,324,73,338
train,train_018.png,3,315,298,343,318
train,train_018.png,4,339,102,367,116
train,train_018.png,5,211,247,239,257
train,train_018.png,6,238,138,282,150
train,train_018.png,7,116,124,164,142
train,train_019.png,0,214,314,266,326
train,train_019.png,1,23,254,63,272
train,train_019.png,2,90,172,140,184
train,train_019.png,3,18,327,70,341
train,train_019.png,4,279,172,311,186
train,train_019.png,5,107,379,145,399
train,train_020.png,0,305,295,341,313
train,train_020.png,1,198,204,226,220
train,train_020.png,2,134,302,180,320
train,train_020.png,3,156,20,198,30
train,train_020.png,4,304,245,360,257
train,train_020.png,5,104,125,144,135
train,train_020.png,6,117,116,147,132
train,train_020.png,7,15,362,69,374
train,train_021.png,0,125,170,157,190
train,train_021.png,1,185,383,221,395
train,train_021.png,2,83,325,115,341
train,train_021.png,3,312,106,342,126
train,train_021.png,4,259,304,315,318
train,train_021.png,5,347,266,395,276
train,train_022.png,0,198,364,254,380
train,train_022.png,1,251,106,279,116
train,train_022.png,2,200,287,248,299
train,train_022.png,3,178,353,220,373
train,train_022.png,4,229,312,261,332
train,train_022.png,5,286,94,328,112
train,train_022.png,6,297,365,351,379
train,train_022.png,7,35,343,73,353
train,train_022.png,8,223,161,255,181
train,train_023.png,0,246,82,280,94
train,train_023.png,1,18,310,72,326
train,train_023.png,2,298,196,340,212
train,train_023.png,3,20,164,52,174
train,train_023.png,4,247,140,297,150
train,train_023.png,5,279,367,333,383
train,train_023.png,6,191,329,239,345
train,train_024.png,0,106,291,154,311
train,train_024.png,1,329,84,377,102
train,train_024.png,2,247,79,281,93
train,train_024.png,3,329,65,369,79
train,train_025.png,0,210,37,256,53
train,train_025.png,1,311,45,339,57
train,train_025.png,2,298,336,342,346
train,train_025.png,3,308,346,356,358
train,train_025.png,4,24,24,72,44
train,train_025.png,5,341,267,371,285
train,train_025.png,6,48,57,104,69
train,train_025.png,7,92,291,146,305
train,train_026.png,0,70,211,112,225
train,train_026.png,1,146,63,186,83
train,train_026.png,2,280,60,332,80
train,train_026.png,3,207,158,259,168
train,train_027.png,0,178,188,210,204
train,train_027.png,1,118,173,156,191
train,train_027.png,2,69,303,113,321
train,train_027.png,3,52,189,86,199
train,train_027.png,4,27,142,83,162
train,train_027.png,5,354,136,402,154
train,train_027.png,6,162,179,202,193
train,train_027.png,7,75,282,105,300
train,train_028.png,0,167,321,201,341
train,train_028.png,1,213,174,253,190
train,train_028.png,2,82,24,116,34
train,train_028.png,3,353,184,401,204
train,train_028.png,4,169,239,201,249
train,train_029.png,0,32,152,80,168
train,train_029.png,1,285,51,325,65
train,train_029.png,2,18,49,52,69
train,train_029.png,3,48,23,96,37
train,train_029.png,4,101,155,151,171
train,train_029.png,5,104,77,152,91
train,train_030.png,0,64,216,106,230
train,train_030.png,1,167,242,211,260
train,train_030.png,2,302,189,346,207
train,train_030.png,3,124,45,158,63
train,train_030.png,4,256,305,288,325
train,train_030.png,5,90,382,140,392
train,train_031.png,0,215,54,247,66
train,train_031.png,1,226,96,258,108
train,train_031.png,2,222,316,254,326
train,train_031.png,3,41,26,87,40
train,train_031.png,4,131,99,177,117
train,train_031.png,5,350,84,396,98
train,train_032.png,0,232,69,266,79
train,train_032.png,1,178,250,214,264
train,train_032.png,2,240,60,276,70
train,train_032.png,3,168,56,208,70
train,train_033.png,0,252,75,300,93
train,train_033.png,1,53,339,83,353
train,train_033.png,2,284,201,326,221
train,train_033.png,3,282,369,322,379
train,train_033.png,4,29,117,73,137
train,train_033.png,5,233,332,261,342
train,train_034.png,0,311,206,357,220
train,train_034.png,1,312,29,352,49
train,train_034.png,2,149,72,181,92
train,train_034.png,3,263,272,299,284
train,train_034.png,4,285,90,319,102
train,train_034.png,5,331,220,377,236
train,train_034.png,6,66,195,106,215
train,train_035.png,0,26,352,60,370
train,train_035.png,1,27,220,71,234
train,train_035.png,2,233,114,285,128
train,train_035.png,3,247,58,281,76
train,train_035.png,4,311,251,361,269
train,train_035.png,5,200,55,248,71
train,train_035.png,6,49,162,79,182
train,train_035.png,7,187,73,239,89
train,train_035.png,8,302,210,344,222
train,train_036.png,0,38,207,78,219
train,train_036.png,1,182,329,210,343
train,train_036.png,2,39,95,79,109
train,train_036.png,3,31,37,59,51
train,train_036.png,4,332,176,366,196
train,train_037.png,0,95,335,135,345
train,train_037.png,1,277,56,325,68
train,train_037.png,2,85,116,117,136
train,train_037.png,3,86,234,114,250
train,train_037.png,4,315,188,371,198
train,train_037.png,5,337,257,367,277
train,train_037.png,6,343,232,379,248
train,train_037.png,7,324,39,364,55
train,train_038.png,0,253,296,299,312
train,train_038.png,1,352,293,406,313
train,train_038.png,2,139,130,193,140
train,train_038.png,3,345,360,373,374
train,train_038.png,4,211,197,263,207
train,train_038.png,5,86,374,132,384
train,train_038.png,6,40,287,82,301
train,train_038.png,7,258,118,294,136
train,train_038.png,8,116,180,158,198
train,train_039.png,0,234,243,280,259
train,train_039.png,1,321,146,373,162
train,train_039.png,2,138,169,182,187
train,train_039.png,3,110,139,142,159
train,train_039.png,4,173,70,223,80
train,train_039.png,5,245,128,273,144
train,train_039.png,6,157,163,187,177
train,train_039.png,7,318,30,372,50
train,train_039.png,8,313,200,357,210
val,val_000.png,0,118,166,168,178
val,val_000.png,1,206,146,250,164
val,val_000.png,2,276,277,314,293
val,val_000.png,3,290,331,338,345
val,val_000.png,4,63,225,99,241
val,val_000.png,5,150,114,186,130
val,val_000.png,6,200,301,250,315
val,val_000.png,7,302,17,344,37
val,val_000.png,8,117,54,155,64
val,val_001.png,0,102,65,144,77
val,val_001.png,1,343,330,379,340
val,val_001.png,2,146,148,182,160
val,val_001.png,3,165,57,205,73
val,val_001.png,4,154,250,186,264
val,val_002.png,0,49,380,91,392
val,val_002.png,1,169,356,201,376
val,val_002.png,2,274,315,314,335
val,val_002.png,3,112,22,150,38
val,val_002.png,4,260,300,314,310
val,val_002.png,5,113,135,141,153
val,val_002.png,6,81,293,119,309
val,val_002.png,7,295,372,343,392
val,val_002.png,8,344,348,400,366
val,val_003.png,0,295,142,341,156
val,val_003.png,1,208,63,262,77
val,val_003.png,2,352,75,406,91
val,val_003.png,3,294,71,342,89
val,val_003.png,4,302,212,338,228
val,val_003.png,5,179,158,219,168
val,val_003.png,6,294,275,340,291
val,val_003.png,7,206,358,234,372
val,val_003.png,8,239,35,287,51
val,val_004.png,0,153,205,193,221
val,val_004.png,1,284,121,318,131
val,val_004.png,2,92,21,146,31
val,val_004.png,3,25,109,61,121
val,val_004.png,4,233,86,289,96
val,val_004.png,5,77,172,113,188
val,val_004.png,6,283,209,331,225
val,val_005.png,0,299,137,335,149
val,val_005.png,1,55,129,111,145
val,val_005.png,2,134,135,168,147
val,val_005.png,3,18,245,56,257
val,val_005.png,4,180,155,234,175
val,val_005.png,5,263,271,291,289
val,val_005.png,6,201,304,247,316
val,val_005.png,7,241,347,275,357
val,val_006.png,0,26,40,60,54
val,val_006.png,1,206,247,238,267
val,val_006.png,2,168,214,218,228
val,val_006.png,3,26,96,82,116
val,val_006.png,4,291,160,345,170
val,val_006.png,5,339,123,375,143
val,val_006.png,6,162,104,192,120
val,val_006.png,7,116,363,158,379
val,val_006.png,8,278,99,314,115
val,val_007.png,0,338,156,394,174
val,val_007.png,1,333,40,373,50
val,val_007.png,2,276,178,306,194
val,val_007.png,3,259,328,315,340
val,val_007.png,4,34,278,84,298
val,val_007.png,5,60,335,98,347
val,val_007.png,6,200,351,256,363
val,val_008.png,0,134,381,188,393
val,val_008.png,1,29,78,85,88
val,val_008.png,2,357,359,399,371
val,val_008.png,3,71,127,99,137
val,val_008.png,4,98,317,126,331
val,val_008.png,5,114,247,164,265
val,val_009.png,0,17,114,59,134
val,val_009.png,1,90,40,142,58
val,val_009.png,2,161,250,191,268
val,val_009.png,3,258,177,290,193
val,val_009.png,4,81,80,109,94
val,val_009.png,5,177,41,209,59
val,val_009.png,6,315,343,369,357
test,test_000.png,0,301,33,337,49
test,test_000.png,1,213,232,251,246
test,test_000.png,2,151,175,195,195
test,test_000.png,3,291,260,343,272
test,test_001.png,0,217,220,245,232
test,test_001.png,1,236,45,288,55
test,test_001.png,2,249,243,283,261
test,test_001.png,3,122,310,154,330
test,test_001.png,4,92,87,136,99
test,test_002.png,0,222,94,254,110
test,test_002.png,1,271,378,325,388
test,test_002.png,2,255,209,285,227
test,test_002.png,3,333,326,377,342
test,test_002.png,4,355,273,399,293
test,test_002.png,5,107,146,163,160
test,test_003.png,0,253,269,291,289
test,test_003.png,1,33,177,71,195
test,test_003.png,2,279,155,315,175
test,test_003.png,3,203,145,233,157
test,test_004.png,0,169,82,215,96
test,test_004.png,1,240,20,272,40
test,test_004.png,2,219,107,249,117
test,test_004.png,3,289,259,329,273
test,test_004.png,4,129,90,161,106
test,test_005.png,0,355,87,395,107
test,test_005.png,1,209,78,241,92
test,test_005.png,2,330,216,384,228
test,test_005.png,3,156,314,192,334
test,test_005.png,4,202,122,230,136
test,test_005.png,5,246,285,294,295
test,test_005.png,6,348,117,394,137
test,test_005.png,7,92,106,142,122
test,test_006.png,0,298,215,350,227
test,test_006.png,1,221,376,255,388
test,test_006.png,2,179,221,219,241
test,test_006.png,3,291,309,323,329
test,test_006.png,4,157,260,205,276
test,test_006.png,5,83,102,113,118
test,test_006.png,6,118,200,164,218
test,test_006.png,7,94,90,150,102
test,test_007.png,0,235,201,267,215
test,test_007.png,1,111,46,155,64
test,test_007.png,2,169,206,213,226
test,test_007.png,3,81,176,117,188
test,test_008.png,0,34,78,78,94
test,test_008.png,1,233,375,287,387
test,test_008.png,2,118,356,154,376
test,test_008.png,3,330,231,386,245
test,test_008.png,4,246,77,274,95
test,test_009.png,0,50,139,86,151
test,test_009.png,1,122,119,168,131
test,test_009.png,2,341,186,373,206
test,test_009.png,3,164,381,198,395
test,test_009.png,4,48,304,94,316
test,test_009.png,5,212,146,246,160
test,test_009.png,6,55,118,111,138
test,test_009.png,7,335,92,389,110
test,test_009.png,8,253,133,309,151
