species,age_weeks,mean_water_temp_C,daily_feed_ration_g,length_cm,weight_g
Siberian sturgeon,46,14.63634967764984,25.02676130814564,30.99764205160056,1066.7897624342554
Rainbow trout,56,18.018470590292804,26.32745800561529,32.60764864082303,1336.1602255754788
Rainbow trout,8,17.68414135243944,1.8524569383506013,14.923512070013611,158.84315543678048
Rainbow trout,60,16.353647585156804,34.3443929991398,33.273119756693504,1432.1041638091258
Siberian sturgeon,42,17.600537110929768,23.831136966953935,31.146467771698795,944.8421074930523
Siberian sturgeon,28,14.61342343623755,15.831601654614323,24.481111150738265,500.2349678492737
Rainbow trout,53,22.88085567810822,21.286102280656777,30.84068868718149,1197.9220294140437
Siberian sturgeon,17,15.867943682657883,5.669611112935828,18.21024447988943,260.17765591235997
Siberian sturgeon,44,16.354907157764753,19.65465724030296,31.274191223343998,1020.6763371209788
Siberian sturgeon,60,15.15616480509331,37.72712136310777,37.46406125903583,1636.7584564587553
Siberian sturgeon,53,17.406276037980792,32.00406520328306,32.58745894468056,1316.2707583634233
Rainbow trout,49,16.440705965518408,19.99292323752946,31.22187820432903,1122.1385178523976
Siberian sturgeon,20,15.404401938765112,9.675522856068586,22.624130106077878,368.601785630924
Rainbow trout,11,12.78880091209863,4.9794716223331825,16.402742464820445,170.18407301964837
Siberian sturgeon,76,18.219196398425456,53.363137207691565,38.72265870172064,2143.6156635327893
Rainbow trout,14,18.082785434412557,10.17288670074155,21.22807001208646,336.57813016557304
Rainbow trout,22,22.102598639894296,9.76123598132029,22.57420581380783,397.01677849109103
Rainbow trout,42,18.764652408161318,9.800692937023081,30.199624481403,895.9042949343175
Siberian sturgeon,30,17.43985243024587,10.13425417452609,25.416596724693328,608.988901808851
Siberian sturgeon,30,16.527255403569633,15.609997660499582,26.604605495436914,588.7934383068651
Siberian sturgeon,22,18.309230719414852,11.981234820473775,20.66452459131506,318.91302277215465
Rainbow trout,49,16.92441607390012,24.867650665721662,32.22846337868068,1117.2328230372207
Siberian sturgeon,41,15.152721041335392,21.319759855159187,30.782979954376685,926.4415107103932
Siberian sturgeon,61,14.122593850756411,35.89091268285373,36.51490524662994,1576.7404261557938
Rainbow trout,67,17.913342189483394,37.63820831203496,37.37021870867703,1691.3100335880638
Rainbow trout,79,20.082816998477742,44.836569934721545,38.14838354720988,1978.086426677377
Siberian sturgeon,29,16.633388966950395,6.25295144377332,24.56900636016082,573.9859861281783
Rainbow trout,32,14.853505283907321,11.567379360677092,25.460512171876186,624.1646284537904
Rainbow trout,36,16.147846237508052,17.545374765512754,25.103357545852734,681.0769418685177
Rainbow trout,26,17.737071694863527,7.911441883826348,22.9803461046502,480.61489744775963
Siberian sturgeon,14,15.712304063936024,3.420415551458035,17.061078754346326,191.1532468767197
Siberian sturgeon,70,17.762597060072785,36.62647651773578,38.30902540969323,1935.6963531524386
Rainbow trout,44,13.916105086593875,22.77855017932794,29.025231318508453,924.3308951062896
Siberian sturgeon,39,19.17607789268845,20.63864772516784,28.65410760847724,830.3184963416453
Rainbow trout,48,11.405733753396689,22.4931146861871,31.70282083066897,1080.01995596387
Rainbow trout,44,17.804506928959924,18.175820933877283,30.67178071564141,939.9393784077079
Rainbow trout,11,16.63428094387168,1.0,16.596408206359783,119.13733347253932
Siberian sturgeon,50,16.624804981451184,26.355059923912005,33.20006724258521,1229.7032672689763
Rainbow trout,20,19.47792124661506,8.349518292333986,21.538829506029735,366.86927448135117
Siberian sturgeon,12,16.022675602280298,6.342282649036242,17.453396271098445,180.67641333412067
Rainbow trout,40,17.67272625237457,13.74766685892949,29.821010634602114,869.6516961060705
Rainbow trout,73,14.822066719552883,43.70509518946468,36.857358928450154,1806.3008604263089
Siberian sturgeon,72,14.633209390379758,43.90687669640349,38.648973845999095,1980.9659177966714
Siberian sturgeon,28,14.542505770062157,9.81411157816345,26.20370777557199,589.9643796342309
Siberian sturgeon,65,18.087001791828065,43.4558211300673,36.91606610944524,1815.5205696878159
Rainbow trout,40,15.975303601484361,21.072166865702606,27.88812186791837,870.4713539245557
Siberian sturgeon,14,15.607555118544884,1.0,17.405175370781144,211.25403086610143
Rainbow trout,24,17.36182937501137,4.561569620977481,23.55733997767459,462.21301978371883
Rainbow trout,22,15.809057074495795,6.1130222321485785,22.707666429299778,386.8933945896242
Rainbow trout,76,16.044933539630602,34.88640716858882,36.01791794170825,1884.4410156726453
Rainbow trout,11,20.567115893384386,1.5413398297221224,17.515193252647506,243.3579846794708
Rainbow trout,79,21.10509200796468,46.8648556032308,40.197576676438196,2039.4043957149306
Siberian sturgeon,8,14.846175822821326,1.0,9.995831599986017,54.20426315962888
Rainbow trout,60,16.884944371755694,25.801582607050282,33.88861889446791,1372.73712756666
Rainbow trout,19,16.120106728588084,5.797901632759922,21.056923139932955,284.6510007268502
Siberian sturgeon,8,16.92580248125133,5.234966724165976,14.943962027989484,139.58892164696135
Rainbow trout,33,17.680342651733618,19.11799018669899,25.440909402713576,654.5692461183056
Siberian sturgeon,62,16.093954296216307,39.20687579436806,37.91547258988365,1677.4314433669601
Rainbow trout,53,16.67994395760718,26.09964706508747,30.75634912137675,1199.0900973371065
Siberian sturgeon,20,18.480236197308397,5.0232225652765,22.25633367976921,386.9023996540781
Siberian sturgeon,40,17.295649387528126,17.349144798443643,29.062916454396216,874.9895562340243
Rainbow trout,39,18.73547392548657,12.743108889671792,28.187552944729234,843.0499089678065
Rainbow trout,76,20.15617231623073,47.290161191939134,39.01032741976351,1972.2639653436013
Rainbow trout,78,12.784652615528245,45.392370655054634,37.45017583257906,1909.168194543414
Siberian sturgeon,35,22.269991148789256,14.472604802206098,28.472105784276273,762.6779843272
Siberian sturgeon,8,17.983660400508768,1.0,13.570790707610168,105.6751221031639
Rainbow trout,58,19.130224743557505,29.561044438257017,34.39530074753187,1382.133648014042
Siberian sturgeon,37,17.704121487575236,22.27281952647339,28.292325043394086,844.5789357540767
Rainbow trout,27,18.42800105564948,11.713178434867439,22.063924653565465,522.4349720208007
Siberian sturgeon,67,14.00414851744825,34.01109501053625,36.742084276961776,1756.4605812658904
Rainbow trout,74,16.630409527523334,40.93876736780202,35.02070053643986,1791.7270226427502
Siberian sturgeon,24,15.395141518391753,12.807622046285761,24.701916305533402,465.8831278834624
Siberian sturgeon,47,16.888367091231995,31.796423642603187,30.826878513907374,1095.4178519044594
Siberian sturgeon,49,17.55977219354952,28.275853298633326,30.616038047051106,1151.565723239509
Rainbow trout,20,17.577360983052596,5.832931204073683,21.927805999975917,340.72605124291647
Rainbow trout,35,16.194659114965454,18.68787461321792,27.353836847310564,739.4074188984172
Siberian sturgeon,35,20.286205851475884,11.616306642572084,27.37927366366675,744.9888334138317
Siberian sturgeon,13,17.083740455477656,3.4467055865894602,17.899169746203203,205.76608145387902
Rainbow trout,50,18.50983860435683,18.42134899513477,31.833070381307195,1111.3221357227233
Siberian sturgeon,47,20.538629158630457,22.209235822915964,31.490180031745325,1130.0608863357245
Rainbow trout,24,13.575039382856698,10.574930054633446,22.28582778757372,475.0069466648161
Rainbow trout,44,15.771794868211046,18.237971744518603,29.220248413773,947.2301649244099
Rainbow trout,59,19.15721001223116,31.05208397068979,33.61069830318863,1345.3889130071927
Siberian sturgeon,48,14.535392745186645,23.494083770934477,31.03353882146173,1134.2465442729008
Siberian sturgeon,48,11.508399286968697,18.319151347266327,31.746258811918057,1113.1982029297183
Siberian sturgeon,38,16.512745059105864,21.83967025561593,30.682981259994563,822.509569675795
Rainbow trout,52,17.17462974531054,29.61625264980611,31.9795012638403,1169.1794523764017
Rainbow trout,78,17.961116759756223,43.32944909142753,39.065063075107524,1930.3891585786378
Siberian sturgeon,24,17.264257647002474,5.358357339043268,22.01968033566613,401.12310396084223
Rainbow trout,39,15.51237343973562,22.796264916134845,28.51609115368917,901.7431272699872
Siberian sturgeon,51,21.2252215505942,27.668347646208417,31.36559595499992,1243.7741955440927
Siberian sturgeon,23,16.537940154946906,3.6957064082769584,23.95526243597894,440.1069934199775
Siberian sturgeon,29,16.788781422340783,13.775176681446077,24.973834172403354,607.9504818557093
Rainbow trout,29,18.35163899265318,15.827400456304058,25.774543007961086,510.1799201910541
Siberian sturgeon,25,16.659236466757363,11.31725754705127,21.75324362537513,399.3395393539715
Siberian sturgeon,66,16.669434102814673,39.38632727697897,36.0916817537283,1804.7318369364637
Rainbow trout,14,17.26141306644579,13.65099321290362,22.194595514469366,306.9034985115369
Siberian sturgeon,36,16.917541761728202,16.88226003671361,27.816285531898473,773.1343856042715
Rainbow trout,34,14.88991192942364,18.041170856425687,27.143692033770375,695.2996691379952
Rainbow trout,60,19.06937049462541,29.760314293058862,34.950101793285626,1435.4787394752207
Rainbow trout,26,18.204677538643235,15.163039643695654,23.686703098763438,473.23070352122477
Siberian sturgeon,51,15.396462930081295,32.09444309709,34.86547786062239,1202.1579036083638
Rainbow trout,27,17.557109893822947,10.953966835664858,22.921775485347847,474.75836792323787
Siberian sturgeon,47,15.382995167476786,23.757411518718147,30.828751939399268,1103.4413618261133
Siberian sturgeon,47,15.600365485753311,27.501317317796275,30.62186783589737,1146.9404944685887
Rainbow trout,10,17.25053054048295,1.3108200556674063,19.072112242676464,181.94281722982248
Siberian sturgeon,16,14.53445124707546,9.410296174533412,20.969391626654893,283.0832046182488
Rainbow trout,45,20.21298236263086,17.320355987906147,31.854141053871523,967.5158785211626
Rainbow trout,23,16.109709094760923,12.477441055416396,24.124185461429818,441.0594870384824
Rainbow trout,11,16.998131303887757,1.0,16.856321710671363,212.66504425908826
Rainbow trout,31,21.377659239456932,16.556187003822746,25.976091430128406,700.4492626446372
Rainbow trout,40,16.83771926715062,11.13368345085285,27.08113531093423,681.1434728233522
Siberian sturgeon,45,16.915208224907055,19.66709266097213,30.039263570952663,1048.6228171235557
Rainbow trout,38,20.752694500968474,20.27895984985843,28.487286204463864,810.5283504370758
Siberian sturgeon,12,14.318685854669624,4.232802547122915,13.974460562371274,101.52258724478068
Siberian sturgeon,71,15.96962683090596,48.70416034425406,36.04974028930674,1995.7493969403981
Siberian sturgeon,68,16.51844631030217,39.28551170754163,36.571711308027375,1898.1215308716473
Rainbow trout,35,19.091845858428982,16.18785841908498,26.984404709780407,706.604002534955
Rainbow trout,19,11.275298104053725,5.930454454397391,19.470632739614157,260.9647340614415
Siberian sturgeon,74,15.536455891456704,45.37903633180587,37.60928742554187,2110.080833739792
Rainbow trout,52,18.299047682458824,21.98779988070364,31.42957211686243,1135.964976265973
Rainbow trout,62,11.338483799009317,33.63997281715827,35.10814882051998,1530.8982429549856
Rainbow trout,43,18.92412469979329,27.53811178621328,29.464280307588197,966.9488176988202
Rainbow trout,50,16.02121631732694,21.403427254045965,31.502449185845265,1106.560341888814
Siberian sturgeon,64,14.50011953165891,38.779815879163245,37.33262873982778,1679.2723955702834
Rainbow trout,44,16.720834847510073,20.291533694072793,29.54017715316726,942.3959088520874
Siberian sturgeon,48,15.649488105258554,31.031863343130617,32.791668649199735,1169.141007275666
Rainbow trout,45,18.583445674660865,21.088608786630147,30.039054347314668,969.8749000218098
Rainbow trout,31,20.290552852333114,13.944208060536074,24.785105695598652,631.4152003215602
Siberian sturgeon,34,16.481252215831066,18.025578816607176,25.661170704898673,660.6380587113686
Siberian sturgeon,44,18.80666489963999,23.833690264512395,29.475481431799196,997.9320384656194
Siberian sturgeon,43,16.007009066369935,21.1686356704351,31.312603158993173,1032.8346248864134
Rainbow trout,76,18.03158564145318,34.97896047072935,37.84939009938069,1874.8270720068567
Siberian sturgeon,59,17.450620892562892,29.062940162811092,32.571290510608165,1543.9574817180257
Rainbow trout,20,16.11610682659464,9.41532473768046,20.404730037610975,352.3351749204971
Siberian sturgeon,44,16.130864961473034,18.980603134130412,28.8325601086835,1075.2692230888858
Siberian sturgeon,31,20.10223535710927,11.937373751483078,25.65253046403429,624.5415433394555
Siberian sturgeon,74,9.438351953311479,48.965064199823,38.44840554641068,2049.686962773964
Siberian sturgeon,41,18.71338148641966,23.503881491106682,28.398378430030476,885.4718283598432
Siberian sturgeon,51,19.22912732178159,29.098843982563917,31.603627916727028,1201.9952653558098
Rainbow trout,62,17.48538901247007,31.203103814594574,34.261355215310125,1499.955126061039
Siberian sturgeon,27,19.1828790239319,7.003893953073625,25.60154517342789,534.4436783879511
Rainbow trout,24,14.366038635169478,11.251766883242869,23.834544357806674,442.82179182884363
Siberian sturgeon,77,15.927251877768269,46.743766937426344,38.86806337786521,2239.2638695146593
Siberian sturgeon,57,16.712199609619937,33.23168751286875,34.09541770263219,1535.972504943555
Siberian sturgeon,17,13.775706040773334,4.771882198033507,20.019996080131207,290.24778919199525
Rainbow trout,69,16.764437044709567,35.23956487945532,37.38831322170017,1647.8260941817125
Rainbow trout,12,20.766160557596383,5.1456326389752425,19.49740504727767,259.63439164997
Rainbow trout,50,16.87136219347891,27.486249529911188,32.41487957639977,1177.7111967744074
Rainbow trout,53,16.071592274413202,31.102505596644356,30.90479464715606,1224.1706717760246
Siberian sturgeon,14,18.249031382982203,6.973936260348175,18.86059077221026,196.98825545174353
Siberian sturgeon,45,18.120956889543013,20.553839434308337,32.09043856860425,1014.4036702975328
Rainbow trout,67,14.434032367557153,41.43122914198876,35.96936341216817,1657.3381924416424
Rainbow trout,77,16.939019103979902,42.768951608465734,37.46862929305328,1913.2013760315965
Rainbow trout,45,17.784889186892404,21.7823734559216,30.30501891615084,1018.575749103923
Siberian sturgeon,47,16.804702072759703,18.204471562581308,32.09321035551723,1091.3422099295383
Siberian sturgeon,74,12.581374485126414,45.800860024277775,37.89725341011725,2048.5796414418405
Siberian sturgeon,34,16.302251308600702,12.654553742144987,26.510473056015087,745.7347638992114
Rainbow trout,42,17.35843508418521,18.857763455113528,28.605534857716055,908.630683361858
Rainbow trout,65,20.085931723840247,36.23683349605109,35.370786826878245,1537.0713219542397
Rainbow trout,43,16.903329151366226,21.52178430987015,28.89177937629695,993.0106487952459
Rainbow trout,48,18.165014884329857,17.795186253886605,30.57281836636495,1071.565878681666
Rainbow trout,12,17.197893610189,6.794665660879922,16.854379706198756,208.32141815563563
Siberian sturgeon,69,17.081491477298773,39.09013773094778,35.35840160961697,1886.0411492150938
Rainbow trout,33,15.141630950624302,18.65620686110512,27.437911166860488,670.8644734731059
Rainbow trout,34,17.533192542040652,18.61234684619506,28.469365944831168,762.68702090709
Siberian sturgeon,46,18.225471639259652,24.211083473243203,30.48556485244443,1127.3322046503365
Siberian sturgeon,9,17.160580451441014,1.0,13.616006866012436,98.8851718577668
Rainbow trout,66,17.59369016441693,35.708653368749125,36.3445264217529,1603.1783578030181
Siberian sturgeon,43,14.474078747920121,22.923746957117324,30.469996908678254,1033.4574999609688
Siberian sturgeon,61,16.874597167575185,36.27439572300135,35.31228003014787,1647.5521187362424
Rainbow trout,36,17.320078873752017,17.199813247882364,28.41912677838052,740.5342932235817
Rainbow trout,44,18.728860220238683,19.74965776596106,27.010907872645,962.6838985105445
Siberian sturgeon,63,12.404058227361713,35.920450681145894,36.04326918940423,1662.0007468405124
Siberian sturgeon,11,13.647084930446248,3.9246273678615946,15.87529827870101,152.75823836905636
Rainbow trout,45,18.623746686295167,21.306137138604683,29.86694369850688,919.7796054994553
Siberian sturgeon,24,19.175941215121703,8.34481907441496,23.531675711868125,470.9120269548937
Siberian sturgeon,41,17.876123184474974,20.097074175780584,29.024384329639293,915.0196795238056
Rainbow trout,56,17.194833672405927,31.342479059645118,32.19617243829804,1323.7177854837114
Rainbow trout,54,19.75353599484964,26.009212783581127,34.001281328222134,1206.4553758683187
Rainbow trout,45,15.651574898320371,23.76736752253915,32.19824766213503,955.8965171253045
Rainbow trout,79,14.390273129823994,42.22495717866215,39.29412485350406,2015.7677693983683
Rainbow trout,30,16.78112655245968,10.286629108632889,26.51677925858034,542.7770634056005
Rainbow trout,23,16.134141414805864,11.500330140403511,24.0733584134963,455.72453860600757
Siberian sturgeon,76,15.98883716423474,47.729599156877704,39.45029440254689,2131.612935550689
Rainbow trout,24,18.409022302862923,5.305756309897067,21.840533376870894,443.21444034270195
Rainbow trout,48,16.80649366029782,23.89874751678775,29.812096666689417,1045.85165483691
Siberian sturgeon,17,18.522724772834252,9.056162618721551,16.368646905880734,209.8795336324436
Rainbow trout,79,17.327687703919416,46.775165536006064,38.2870701935983,1987.5952555089798
Siberian sturgeon,55,12.290479186829534,28.052473912786617,33.290120031631346,1348.1620683951762
Rainbow trout,28,14.363976744048598,16.630288683710916,25.047889537417728,598.8177334867075
Siberian sturgeon,68,17.7301422409072,44.453216595754306,35.59630459505489,1812.1740114797726
Rainbow trout,38,17.85030440570487,15.577381767501054,27.745842295001236,733.4399544676049
Rainbow trout,28,17.16875807666212,10.520703923618074,23.76470926408868,501.96444598748707
Siberian sturgeon,39,16.845593519888553,18.409886765182943,28.135810830782276,861.3693939269841
Rainbow trout,43,15.630830119775462,20.453892026261176,28.69690108440587,935.8032103731359
Rainbow trout,77,14.38494106890252,39.53046952143952,38.37923271134292,1978.9953255231624
Siberian sturgeon,74,18.224621700406892,45.70273572317215,39.8088956248047,2050.8666287432748
Rainbow trout,34,14.004418799647016,12.688988984853347,29.00100451565272,756.757965737024
Siberian sturgeon,76,18.104916065158143,50.4922609987221,36.88391199136429,2148.0006803081296
Siberian sturgeon,42,12.972698835582225,21.33102613191401,29.635505131455943,989.1310457598279
Rainbow trout,49,14.848169238363376,23.820323689142935,30.021950540051524,1071.7435021138099
Siberian sturgeon,9,15.66739128604817,1.0,9.461459289325703,40.865333405022554
Siberian sturgeon,43,19.61185037346397,22.284188641691532,29.156663005044106,1045.7244167268286
Rainbow trout,29,20.06554875311718,10.610364360726498,23.561613113744528,511.16944103431246
Siberian sturgeon,23,17.231394954788016,8.443693395115554,20.870777195546648,381.113327100922
Siberian sturgeon,59,15.242692460275627,32.80735973210168,33.087873211847516,1487.0098800248425
Siberian sturgeon,60,16.67018244664013,33.09116755652343,34.10296441546654,1604.7740335877768
Siberian sturgeon,34,15.807666206505651,18.626107538157726,27.523252410863634,717.1017407464121
Rainbow trout,77,19.164522220860658,41.22602916114586,37.62807927019754,1921.9127960981848
Rainbow trout,26,18.75992545592895,10.942933399160971,22.843630960320382,470.8759338299092
Siberian sturgeon,75,18.57530913642458,41.6325095445101,38.17531367672528,2067.157643833836
Siberian sturgeon,31,15.836520759765758,15.546474488168787,25.322652494960845,622.8605825707054
Rainbow trout,58,14.933854911809725,31.688226916058742,34.63355669306678,1384.4519205010683
Siberian sturgeon,75,15.258193259529659,44.86400138848633,39.213118391352644,2088.3146252320535
Rainbow trout,78,20.591419623598497,42.651324038923164,35.631568277065675,1863.2174276177261
Rainbow trout,77,17.750208721857263,43.70138607655201,38.1012315790308,1944.2475961008795
Siberian sturgeon,51,16.79683730450014,30.220505921066618,30.981961750125944,1259.521385219167
Siberian sturgeon,10,14.341214670838008,3.8228554444287424,17.348629423378465,167.3504488034115
Rainbow trout,33,19.067295314271977,14.587139728797617,24.64257572810873,627.4618702769565
Siberian sturgeon,72,15.696290937387266,49.805389118851025,39.23513875488016,2063.230191949733
Rainbow trout,65,18.5162113564642,34.082756426758564,34.873892431019826,1521.216129494831
Rainbow trout,78,14.029190480468086,46.54067984967013,37.7338758912181,1988.3204730077966
Rainbow trout,8,13.984008124068389,1.0,13.683569871584224,99.50750265603057
Rainbow trout,51,16.612328494050455,24.02905205917151,30.392492201805393,1095.4308868725777
Siberian sturgeon,71,15.303512170198466,41.113162662554885,37.360835997555135,1917.6777791469415
Rainbow trout,39,17.585897842134013,18.829381046816625,28.39428574153475,790.3219906328669
Rainbow trout,59,17.71638113220957,35.849250674638895,33.55242395085887,1390.0212794830363
Siberian sturgeon,49,17.659653502487306,25.90678647827701,32.97067221984189,1205.1431424003995
Rainbow trout,27,15.545774073498885,15.330140382047691,23.315028645204315,579.9982754374579
Siberian sturgeon,59,14.660545066795914,35.371872950166875,34.31484470844231,1548.2744527379893
Siberian sturgeon,61,17.5214876667174,34.765058028292096,36.492787125223984,1600.2339156895962
Siberian sturgeon,26,19.09989584494013,11.683894155873412,23.01919979005028,483.900820640069
Rainbow trout,12,15.030463178803736,3.254845400943155,18.699954517278883,269.3894287819902
Siberian sturgeon,26,19.77117911049409,19.513547682393018,23.715873953735326,471.94666870000094
Rainbow trout,42,13.535755254142186,20.085321896220623,29.955376970241925,900.1437140762115
Siberian sturgeon,20,14.556873895765182,8.551869061433132,21.38233686104269,316.36399936715424
Rainbow trout,57,17.042286145686973,27.85722905825806,32.55868005801331,1279.3845936356608
Rainbow trout,42,19.274020077979298,19.752312068197327,29.88086185871593,1031.3076894628798
Rainbow trout,39,16.114711703120424,14.302803929555846,28.46355648060428,788.7636276010976
Siberian sturgeon,16,16.505160434229353,3.894512102183003,19.391903245279032,301.87992474717055
Rainbow trout,13,18.063289673093816,14.267553852470524,19.210596917041105,241.5321222443242
Siberian sturgeon,64,13.069585304753412,38.07328454172581,36.12008877955073,1696.92611106433
Siberian sturgeon,34,16.78831203613181,19.666025055337904,26.379955443644125,703.6741511930129
Rainbow trout,54,15.204198172686466,26.705575643966796,33.25831619755494,1260.7363103384241
Rainbow trout,35,17.34375910213012,8.847243504369267,26.197407737285793,752.7628580666345
Siberian sturgeon,21,17.375883245716473,2.2213367104163275,22.109517217095945,369.1338089277482
Rainbow trout,77,17.76064403339946,41.384583043599456,37.009613065214566,1932.399737057857
Rainbow trout,32,20.627970534636965,7.90811719278768,26.85097869825414,640.5693245699555
Siberian sturgeon,25,16.508554350608687,10.295829216569343,22.204473286001228,387.9711653146326
Siberian sturgeon,38,18.631008858932166,20.06324589756096,29.05225763193931,867.1728423020893
Siberian sturgeon,61,15.619413967512388,36.202117094750236,35.675656723746066,1562.219974480811
Rainbow trout,48,17.867925373854167,22.87035062439402,30.274000881177557,1035.6761365041114
Rainbow trout,50,17.871591228501337,25.309922319700565,31.23630116807133,1155.9504106691911
Rainbow trout,53,15.408015483954431,27.900993621189286,31.687683080846778,1186.599644136104
Rainbow trout,53,15.405677406210918,21.437292081154943,30.652302299833863,1169.4985867011808
Rainbow trout,51,17.207688605120268,31.343023698247087,30.983737184212863,1205.1923452185845
Rainbow trout,68,17.485076721415698,37.00154491869901,37.5524839677242,1747.7656478659248
Rainbow trout,9,14.358080712893788,1.0,5.133313063547151,10.0
Rainbow trout,47,18.108928426819947,28.60363309557914,32.657264838220875,1078.218753318294
Rainbow trout,25,16.634267751407293,12.500052037127203,22.219772394028972,434.9881047072741
Siberian sturgeon,27,15.168801977189595,8.869286892175065,24.100192562956973,478.80823085126826
Siberian sturgeon,33,17.940137027059734,16.247851367339766,27.326141268653252,752.4723820220258
Rainbow trout,75,19.392487414758794,48.09312689417474,35.86975570854058,1904.2114744758765
Rainbow trout,70,16.89929236441151,37.27759886356655,35.419529313117955,1702.8030975029098
Siberian sturgeon,57,14.595686468815417,32.24868997341635,34.82464238578325,1527.3398800842185
Siberian sturgeon,71,16.07584432581024,41.24774925184734,38.95122627815732,1942.4882875998844
Rainbow trout,26,12.727955817096301,10.480302553399696,24.22629347043057,469.3708409032273
Rainbow trout,42,17.758778437216414,16.189148639965893,28.479432903146186,879.6068985940805
Rainbow trout,42,15.419621164964077,20.69124534802121,31.33729989105859,886.4835972951983
Rainbow trout,30,16.684063208023005,14.904825861567181,25.56262165099618,582.824353311333
Siberian sturgeon,74,20.2082878383746,40.53733324507384,37.07942410379926,2014.7989188276715
Siberian sturgeon,39,21.558080749199974,19.86179357107076,27.59186204839095,824.8127243210033
Siberian sturgeon,43,18.005149389642078,19.445489552293395,28.774125187999857,1034.2465420822355
Rainbow trout,57,16.179761652838828,32.252377837627385,33.16966753124744,1318.7389438526693
Rainbow trout,67,17.39754601729196,38.601518415186625,34.26809158194591,1604.5872996892044
Siberian sturgeon,66,15.511971412449654,41.962633713329126,36.145740572559546,1716.754785173343
Rainbow trout,26,14.028768967313507,10.89432765003014,24.885438246333948,512.0433438293395
Rainbow trout,19,16.359506406509144,8.181572212075581,20.739855313783668,275.0490293754434
Rainbow trout,79,15.864922989998549,42.16793766160482,38.02968207696004,1989.7265854010916
Rainbow trout,28,16.269174646958934,9.554014272142561,23.31771161444391,464.5655387247337
Siberian sturgeon,41,15.4228579414497,22.623041057472715,30.682072470506135,994.5358551210309
Siberian sturgeon,77,19.12026949029189,48.14533152280949,38.134273877137765,2156.6618172103613
Rainbow trout,41,17.606324184686063,18.53987685446238,30.028872828638878,857.9142612347758
Siberian sturgeon,10,20.274575246462355,1.1297792299806146,16.38677520607088,137.00341707122837
Rainbow trout,10,17.49018198525845,2.1205969201626576,16.051806639061134,143.06999088786478
Rainbow trout,34,15.407639587437707,16.647884989699577,26.53929822373728,643.133220539691
Siberian sturgeon,59,19.01164949152724,35.776933653454755,34.947055707783,1530.2151851463573
Rainbow trout,22,16.165959418950553,9.835693411568348,22.261063936986027,409.8306596850144
Rainbow trout,63,16.123758451387932,33.67402148473461,35.3235934916998,1580.9935627355828
Rainbow trout,33,15.381824888784694,16.08753235405397,24.752270886562776,689.8854621456488
Rainbow trout,74,20.680128708994445,39.30722479433061,36.4179830727031,1866.0241845195007
Rainbow trout,69,14.95871244977112,34.26155831166803,33.724648688182,1662.9832393661509
Siberian sturgeon,14,18.246736678768883,1.0269628200893095,19.346588360195067,252.31189987645496
Siberian sturgeon,34,18.010915224596328,15.988648677998997,27.636185802041023,748.0305257827497
Rainbow trout,26,15.65689457096579,5.321218886716932,25.538207228304195,498.84734947833016
Rainbow trout,8,20.099009599360272,3.980088568021455,12.587531881566793,66.6848870555963
Siberian sturgeon,24,18.37828728158765,12.370172525857676,23.91748853486811,555.6806776510841
Rainbow trout,62,14.824853447032623,34.25416899172762,35.23380953880101,1517.5112883062386
Siberian sturgeon,54,15.338624132403025,28.686916098454876,32.78872293454743,1350.1600028300343
Rainbow trout,41,16.523943488979278,20.540474112597742,29.215470262594383,904.769814853939
Rainbow trout,53,15.947321168775499,27.45028801372915,31.537289555395187,1268.3162165107417
Rainbow trout,49,21.546549251614643,20.853293839414395,31.235502922061848,1122.2168597652644
Siberian sturgeon,65,19.7675709736226,46.745319597222164,38.87261283056835,1853.7166029771947
Siberian sturgeon,78,15.78161192901212,49.53517473068745,40.85662973597513,2250.997147976195
Siberian sturgeon,78,21.666754008077927,45.545183254255264,40.29305015994333,2218.038483221078
Rainbow trout,74,18.445785985733778,36.167693937234034,38.98226480564663,1844.630792059733
Siberian sturgeon,27,18.284165296858962,15.463652073025457,23.503677881401636,518.5414450424851
Siberian sturgeon,50,16.821165011686816,26.677951230885117,32.63402351100325,1265.6882741011452
Siberian sturgeon,48,17.00226942564639,27.44655326915086,32.80788683682722,1158.0879491693456
Rainbow trout,58,15.643835353904137,37.04246762069986,33.177888861806764,1386.186507546294
Siberian sturgeon,17,20.352859726208138,8.387849406393391,19.086942217584067,316.3041118633347
Siberian sturgeon,9,13.596741339890801,2.296103356914763,16.80097780011629,185.03644948010464
Siberian sturgeon,56,20.05906543787069,30.38877215180978,32.8557873356799,1410.6649602693496
Rainbow trout,24,15.21238491571026,11.679928662568118,23.497898291233643,509.09163088229514
Siberian sturgeon,42,20.372610147674845,22.030472940237843,28.953123841615742,944.511308368491
Siberian sturgeon,72,17.4353601188208,49.613132954945534,37.674866666630585,1977.134784247748
Rainbow trout,48,14.2782158932878,21.703523055936166,29.893431008015874,1055.3104724765747
Rainbow trout,76,18.96757022429388,45.63051692893764,37.480386410896834,1850.4788526698203
Siberian sturgeon,39,18.431147805464672,19.816389524320332,30.055237935131103,860.1196968725509
Siberian sturgeon,72,15.739812569604172,39.455997000925535,38.61334238824225,2032.054153210725
Siberian sturgeon,27,18.290237975828497,8.182474620981441,22.480558324097323,446.70189346535926
Siberian sturgeon,46,18.338647385600897,22.649126573170026,32.166057387443615,1109.602443592656
Rainbow trout,23,15.521733457618556,10.133856775881043,24.45773737689762,474.04863197501874
Siberian sturgeon,69,18.704011465080907,40.6321629731652,36.784448868392175,1825.2436084059123
Siberian sturgeon,17,17.574835195609065,8.579071556030689,19.147038650654213,296.90373151101426
Rainbow trout,27,16.79538541439971,12.736809244937518,24.476193877796327,468.2242834946445
Rainbow trout,31,18.644096016100562,16.431987136102443,28.526504557322976,605.9844445930368
Siberian sturgeon,21,15.888620760868442,6.477872688716691,21.59342320409871,324.6255891302375
Siberian sturgeon,78,17.888982083870495,45.71556751093713,38.05491377277217,2186.2383990242342
Siberian sturgeon,72,16.17744952851347,46.71323357438393,39.1677084704013,1969.265245411265
Rainbow trout,33,19.273386373456294,15.429709674382824,28.106518339418006,697.4473021791607
Rainbow trout,40,15.845269607469326,18.73123238702891,28.2399779123747,841.7954158373454
Siberian sturgeon,44,16.77971377836556,18.923465714476343,31.466148876109603,958.6844226965978
Siberian sturgeon,55,16.54135213050183,25.347357814998876,34.53522768716985,1402.7318905036834
Siberian sturgeon,35,17.733111298913443,12.833862378276333,29.103812399799608,814.8033036544663
Siberian sturgeon,58,17.355632946169948,32.49900626461721,35.92771801510866,1474.3383006801675
Rainbow trout,14,15.392784745839029,6.303340230710632,16.735306437281974,177.78843052939482
Rainbow trout,68,17.03798838254895,44.71640756432666,37.73870286238696,1687.3196750129805
Rainbow trout,51,20.507096591563943,27.16532477645077,33.0021860614305,1213.0954428386092
Siberian sturgeon,18,17.119433690622916,3.0710404015817994,17.69687453732782,220.4561406430118
Rainbow trout,38,16.349433076126424,21.57010031247313,26.641106760386858,778.820911744282
Siberian sturgeon,59,18.152091354007997,31.64835688960397,34.187039903971076,1526.7482596503396
Rainbow trout,32,18.523803087025883,11.467927871860319,29.358827346544548,693.9018147195055
Rainbow trout,79,15.059560064263781,46.50443337858633,38.149682448774314,2000.3106556504217
Rainbow trout,43,13.854078084247497,22.6651440169048,30.731297869404532,914.6436807950655
Siberian sturgeon,14,15.438490880377493,4.992204424340876,18.325744892432322,238.84257284651056
Siberian sturgeon,24,18.68510826368299,6.85350902529939,22.873478469516826,428.80644960580133
Rainbow trout,38,20.291039752047514,12.294663814421417,26.905713380807352,803.8975417638852
Siberian sturgeon,59,15.086138913964675,30.237730828487027,36.08247017888088,1479.7093979815431
Rainbow trout,53,15.553964663695552,27.54275321798414,33.06338391512051,1253.969451853961
Siberian sturgeon,42,16.31242283010291,20.92101036663305,31.851811245459558,952.1423341142196
Rainbow trout,11,18.90036590344435,7.751372762412537,18.424772719964466,203.75249326354876
Siberian sturgeon,20,13.600147208356884,10.845130349022476,22.851362992332696,402.6815343383742
Siberian sturgeon,26,15.325311029849251,11.26871574668015,24.70763497989133,496.1283967725174
Siberian sturgeon,29,14.419046799403752,10.294179571865023,26.48610193493706,606.2429924652766
Siberian sturgeon,18,15.393019294837812,3.8334235198344975,19.899128612445335,295.13682145064615
Siberian sturgeon,70,16.79580555437459,43.39206547812566,38.91475485789971,1954.6268786126996
Rainbow trout,36,17.30885974793946,21.20983902725305,26.83607076265304,790.2491534437399
Siberian sturgeon,10,12.955467522516436,1.0,15.618664664773174,130.8902022287091
Siberian sturgeon,9,13.231020537001708,4.059671587731781,16.753612344543853,146.30719066737066
Siberian sturgeon,60,18.601526033888465,32.337851922266054,33.23015484694529,1473.033464879202
Rainbow trout,69,16.955067592603587,42.96981376501905,37.17966477991335,1778.294212199085
Rainbow trout,28,16.76671470687222,12.781559324434202,25.721492732755483,578.6007160914203
Siberian sturgeon,8,18.119931379774247,2.292760928064459,13.842824056389023,100.21846186610428
Siberian sturgeon,74,19.37271172617629,52.56588099019537,39.77392850999462,2162.8666371951786
Rainbow trout,63,16.13058430744515,34.46970885428689,34.637989030509786,1513.4630525617672
Rainbow trout,12,16.766840330167593,1.8771325410380824,13.867638689355456,122.01981003990485
Siberian sturgeon,25,18.47178128410287,8.615731130424077,24.529519258071133,465.9887432210539
Rainbow trout,39,20.528095623063034,23.216447914889677,29.68600549588369,904.1460017502826
Rainbow trout,26,16.902969153671503,7.460039163303343,25.187883692020826,531.5408885332238
Rainbow trout,44,19.046709270917134,20.503205684559788,30.76384844070569,1000.5404892539934
Siberian sturgeon,68,13.590204371051561,40.43637229877587,38.41689932539793,1931.552161973521
Siberian sturgeon,74,19.578436634990446,46.57646559254605,37.37606013354891,2046.3837299219228
Rainbow trout,25,18.52542151445945,20.563259563763197,23.245392995449,493.94328042721503
Siberian sturgeon,8,17.630625302506715,2.180541659656364,14.442821339365134,116.49634453162864
Siberian sturgeon,14,16.06172769972513,5.214096799377587,18.231905437184764,195.39993602014056
Siberian sturgeon,37,14.70617315762884,23.456309464619572,29.6064874612288,896.3243545649785
Rainbow trout,62,19.91745788864786,27.795981021482,33.48529392746903,1459.8265224216743
Rainbow trout,51,17.386663067122438,33.415082575107256,32.219026154099325,1250.2781780460898
Siberian sturgeon,41,15.469545308334736,22.45342359485569,30.719099461783408,960.6194452058959
Siberian sturgeon,45,20.380430878132678,20.795866646382596,31.07237842351608,1102.2209573182959
Rainbow trout,77,16.596093384034763,48.263313579897215,38.608439161470535,2023.1740756725408
Rainbow trout,55,17.477886164417114,29.74820874055653,33.10507225545475,1310.511726683782
Rainbow trout,24,20.143408166852538,6.484283720126435,22.973718424179413,442.17197643715184
Siberian sturgeon,27,18.401869929500087,11.10362207165929,22.676528647682833,489.41185621435915
Siberian sturgeon,31,13.041770314897619,17.778319473370978,25.21892400047421,638.6407650992887
Rainbow trout,24,17.7615269106206,9.460434634523148,22.61506897226067,450.33718283677115
Rainbow trout,23,20.591691829971367,9.707732710302874,22.789644105828586,440.3491042265193
Siberian sturgeon,40,16.245226407544454,17.39304433137754,28.44187404470224,861.5159417715798
Siberian sturgeon,61,18.566378311076424,32.86554806961085,34.75213675571183,1613.9313937616903
Rainbow trout,12,14.412097972994431,7.039726858494003,19.111674236488426,240.52783155139588
Siberian sturgeon,73,15.076885404929971,40.255636904681424,38.728493723121765,2012.4047028023454
Rainbow trout,36,12.460512196996048,16.49435176652456,28.54028643317985,721.9791476427473
Siberian sturgeon,10,21.568022007364387,1.0,13.992177458274345,111.05994414352257
Rainbow trout,47,20.619448195107076,24.12300863215023,28.468163712243406,1005.8260832226492
Rainbow trout,8,17.52489929928138,2.931343761690309,14.696546710802107,134.77195165143047
Rainbow trout,49,18.570374431490187,24.438773614569723,29.847074316876743,1076.9253728381207
Siberian sturgeon,36,13.185918039454009,17.402908113543507,28.06437044908816,796.6136516733526
Siberian sturgeon,37,17.246812246208037,19.925630083635482,29.801728654572862,795.5787981996892
Rainbow trout,16,15.652321855048871,8.17189042052659,20.98236890830302,315.177890458597
Siberian sturgeon,23,17.95596778113814,8.040891502076818,21.389939570177756,342.4190776300829
Rainbow trout,21,15.531346610957174,9.767772655688232,21.50981457173028,391.85997576181586
Siberian sturgeon,42,21.77865731121248,24.385645938142943,29.877225245092017,972.2874099004127
Siberian sturgeon,17,17.367067423944608,2.580521104039536,21.57485969860864,294.9906982998102
Rainbow trout,27,16.10167867900247,12.244157310341233,25.346545770784868,520.4509478070213
Rainbow trout,70,17.790158367888804,42.285871470239975,36.618683206064205,1771.526950312931
Siberian sturgeon,39,15.365679458121763,20.661225534443894,28.70415152495394,861.0426091525599
Rainbow trout,46,18.19804322692224,23.43916292281765,30.810949534480592,1059.7513910659509
Siberian sturgeon,27,17.836716170430446,11.816959271215204,25.051508645184633,588.1098088021274
Siberian sturgeon,69,14.709894300961661,43.51154151109345,36.996044396048724,1852.2215796187745
Siberian sturgeon,14,16.51791504176677,1.0,18.61650910659693,254.5165042902469
Rainbow trout,54,15.621489515400404,28.309175675957963,32.30847132541349,1255.1540488599317
Rainbow trout,41,18.198700752365447,18.786260221564977,27.780820867622282,851.1217958083837
Siberian sturgeon,57,21.86402364435562,29.656002499432976,35.37778887942083,1447.2621518269584
Siberian sturgeon,20,16.106867620145294,9.526074263481547,21.770363656037244,312.78587058396755
Rainbow trout,20,17.90758771961048,6.72606779539851,20.655027158993942,294.11146056600694
Siberian sturgeon,29,18.07819909365657,15.881737588658993,24.984309151413896,573.3256634575929
Siberian sturgeon,62,19.93390221392907,38.598821738409924,34.671313846177675,1616.7309439324354
Siberian sturgeon,53,14.384675723183257,31.842653930762157,34.061611678978196,1368.6233192660964
Rainbow trout,45,17.773386555566443,22.462404235652112,30.89326682762897,1028.7727267261553
Rainbow trout,64,18.59450494069245,29.673611781726436,33.83064932151501,1546.0377006507606
Rainbow trout,26,20.0938167832622,15.066777115722008,23.741105432051768,500.1160847007708
Siberian sturgeon,50,13.648733640525093,31.838248867569565,32.239063917407826,1234.8564531788763
Siberian sturgeon,21,16.37457714800409,3.3985952025940143,19.32973130779094,267.46287825883957
Siberian sturgeon,25,17.242688932114405,13.79061510552921,23.43950302272977,563.6899826429055
Rainbow trout,26,18.29720041886604,8.873229366855021,23.45445397374373,471.9681284709478
Siberian sturgeon,12,18.055299326026176,8.853118545031169,16.907985371010565,239.1497877337814
Siberian sturgeon,23,17.23457854372189,10.0046140720919,22.74940446937562,443.67937081702803
Siberian sturgeon,9,15.199716407996933,2.7032893484144562,17.33608676345501,217.6515824521407
Rainbow trout,30,17.474596192284547,10.834304144128927,26.343395245915794,629.4287105723945
Rainbow trout,10,16.326580503026083,5.352963962872979,16.886095251211156,162.01508411131857
Rainbow trout,51,15.78334527472185,27.331628723044215,31.786381253533918,1131.2901019459637
Siberian sturgeon,47,14.612962050841613,27.15689633865498,30.91539579630971,1140.0632104103966
Rainbow trout,20,18.39348522851059,8.157664964967193,22.986888705294607,413.89803094529293
Siberian sturgeon,22,14.564832938923296,16.219946537536426,22.132313100874594,374.83417680616833
Rainbow trout,44,15.537657401617325,21.52195896604424,28.62366307717903,940.7178720024326
Siberian sturgeon,44,14.952828923487315,18.573738690124934,29.84943283843559,980.0143201384088
Siberian sturgeon,57,17.757297224167708,26.113587886179307,34.15018351706088,1435.2207198188646
Siberian sturgeon,40,14.291390234659161,21.673366370823164,28.754051338663903,910.0080044415006
Siberian sturgeon,67,16.240971856801426,37.55574744742792,35.97148041675976,1811.8383302425327
Siberian sturgeon,79,21.843594630747095,49.83861922117422,40.0448571203162,2309.6667241866903
Siberian sturgeon,37,17.062218986739804,12.487983469798712,30.52168908033703,900.9007870628383
Rainbow trout,63,15.515861802013918,33.90363983591489,37.079902411185394,1466.3973119028542
Rainbow trout,42,19.305355935689775,18.97928429370612,28.160299065139814,774.9927317901554
Siberian sturgeon,24,18.722558208045516,12.270709910530671,22.956403194139487,437.3668435008623
Rainbow trout,45,18.507344165531237,21.132459411741305,30.94065240780891,1047.7136241031662
Siberian sturgeon,59,19.622895367843178,38.01370104426752,34.06215637914607,1575.8960184774796
Siberian sturgeon,72,16.978361473135543,42.217673791977695,36.764226301350284,2005.3675313925262
Siberian sturgeon,8,16.990389291272525,1.0,9.28497003508095,50.666953722458295
Rainbow trout,21,18.906184218356767,9.70375807300607,22.89843991540672,352.6442437024321
Siberian sturgeon,19,16.416689111369493,8.300559961705348,21.060612896965182,364.36335263683037
Siberian sturgeon,48,12.42130441757886,25.305052730454886,32.58898287292586,1249.0286298313588
Rainbow trout,26,16.973479172507712,10.161087496877139,22.479289068926906,478.69525405310145
Rainbow trout,46,13.14257772970805,19.099315465214953,29.133120847223772,974.5608161729334
Rainbow trout,79,15.746844562586329,42.01159831849379,38.00823081302129,1962.471936977125
Siberian sturgeon,55,15.456589320502603,32.14249571316561,34.767379925545534,1362.5797198802659
Rainbow trout,14,16.02934399007025,7.583360634852937,17.461488748159766,226.1575181929475
Siberian sturgeon,73,14.431066147646689,45.27328233482193,38.34948587922225,2043.6928660780884
Rainbow trout,30,18.358814414706845,7.847011690481904,24.70582139330596,569.0716019133738
Siberian sturgeon,62,23.08148387067265,37.78385727563793,36.23172766720319,1663.060776817981
Rainbow trout,19,18.909390606993703,7.716272929460645,17.41422822892019,302.83865442941016
Rainbow trout,17,16.636017526059796,9.402798808162125,21.45769312698741,343.3752691058718
Rainbow trout,61,16.389790995923278,28.827210941370954,33.85701424582162,1428.639709190696
Siberian sturgeon,53,18.01347645057683,28.633438787930544,34.05247998055112,1391.418934004283
Siberian sturgeon,64,19.85148784521314,35.78867351919243,35.76189132924889,1731.0797716255142
Rainbow trout,12,16.765100593804796,3.460042750696564,17.53959663667834,162.88662138442882
Rainbow trout,68,16.521724408093913,41.801092764178115,36.224269973931165,1710.0750041749307
Siberian sturgeon,52,20.170490372161836,27.31799807422052,34.21120888719191,1377.2119612054382
Siberian sturgeon,75,20.330877692492567,46.55472636178434,40.08878824100709,2030.072831974861
Rainbow trout,16,17.464624673095937,6.07236708874125,18.880918967706343,242.45210358706524
Rainbow trout,29,15.176623255511638,13.164653456387942,26.01336619017195,543.0233633606048
Rainbow trout,73,14.919172243425475,39.34581108994135,37.355855726151425,1848.1738063699734
Rainbow trout,34,15.744198948903282,13.910411285488388,26.83211566915823,659.0793675880661
Rainbow trout,18,17.284804946181342,6.355433147836249,20.41703158221144,282.7779933647654
Siberian sturgeon,15,19.628458886613124,5.3872265077614525,19.669400009378553,251.99000974890043
Siberian sturgeon,29,18.34125893777332,16.01828646459923,26.634085675730546,671.9435173893521
Siberian sturgeon,67,18.218288831996457,38.983994220087304,35.07607399697631,1771.651887829622
Rainbow trout,60,15.622077730567465,30.6728266876692,34.27193881245215,1368.737490794388
Siberian sturgeon,13,22.313425649259173,1.8223945310772494,17.755518543743953,170.62161196340432
Rainbow trout,56,19.90761795421612,34.00090236805113,31.106868332744767,1353.4954911047664
Rainbow trout,32,15.566432292835515,12.744569563314109,25.70361499222942,691.6889963074885
Rainbow trout,43,14.327066676633658,20.817189361224568,28.745765555881054,921.6726482363428
Siberian sturgeon,28,18.16090041029919,11.982558191787811,25.660367710938058,519.8450622099043
Rainbow trout,59,16.19500700132368,30.547098449257525,32.06874447381632,1345.5587105037562
Rainbow trout,22,18.78951234983203,11.46189230561048,22.211000082084727,425.4564876101222
Siberian sturgeon,26,18.878488691510817,15.365630616706628,24.292285659934688,538.6988188244125
Rainbow trout,68,15.485167701003968,32.65100346758982,35.508846690391984,1578.2324533863623
Siberian sturgeon,10,20.27983381272604,1.0,15.766278758190948,129.7701828134385
Siberian sturgeon,11,18.641011175852732,8.289733042486311,19.01593525182921,248.46147160506143
Siberian sturgeon,62,17.64930802181389,33.62151825665001,35.86239647256937,1599.8076019575985
Rainbow trout,17,14.663950789993319,5.7877995627977015,19.853973481995105,304.832460148798
Siberian sturgeon,34,18.14777340677989,22.976737415623674,29.212319116303842,813.5202113223304
Rainbow trout,72,20.472542393245096,34.30653640072819,37.504708460082895,1805.9211213594106
Rainbow trout,22,19.682981013832283,10.728944117284879,22.395500339684038,343.60444208841113
Siberian sturgeon,16,17.395928775253434,3.050071406001199,18.972125131547525,242.20180334949512
Siberian sturgeon,60,16.03675440941702,29.67690430668732,36.110313181374195,1595.2085045438812
Siberian sturgeon,75,14.563738235686657,46.497151478611926,38.71615873849218,2039.2482148477136
Rainbow trout,72,14.628533879194695,40.93762812120253,38.40889212916866,1879.8839216955782
Rainbow trout,46,18.1017452027719,27.143147088303955,30.79918119053851,982.2431328746669
Rainbow trout,13,18.098592098152405,3.4514814252777035,16.449885178474872,168.96191513780946
Rainbow trout,70,16.026303031081863,37.36588929417859,35.502206717930264,1648.8471997221582
Siberian sturgeon,63,19.158846069549664,34.5488815963543,36.39895201964757,1679.9991121611877
Siberian sturgeon,13,15.349099306703542,5.379382361674668,18.327855637931762,206.58980937477742
Siberian sturgeon,16,12.727162453737938,10.190818758516716,21.655836938701864,313.6466425286072
Siberian sturgeon,29,16.870993890609437,13.331703525767736,23.772773384408303,551.5822702016045
Siberian sturgeon,8,18.360901841464734,1.4025553968632303,17.168222143938536,179.0483264392183
Siberian sturgeon,44,14.400910280341977,20.262737996664555,30.923136399776897,1057.2037357969975
Siberian sturgeon,16,16.82720291564387,9.204072601947335,21.164864125473393,269.4130138652226
Rainbow trout,72,17.580872978476094,41.118678140972555,36.10243146876245,1774.9922795903199
Rainbow trout,13,13.134423456237759,10.006340994694304,16.04114889926805,162.8198759208131
Siberian sturgeon,23,15.986394440254752,6.421748260889463,21.89951485016622,406.8198956455562
Siberian sturgeon,20,16.649358973143396,3.6968049881511136,20.455757319074948,349.0323075249775
Siberian sturgeon,44,16.064241626617807,26.85444603166585,30.0261937882059,957.0003073064237
Siberian sturgeon,46,16.46129293795698,26.73304399002451,31.89209436703885,1121.0337348864268
Rainbow trout,60,18.045353694262996,28.018033860364266,33.85351890020993,1478.8779200456513
Rainbow trout,60,22.364107122261824,26.571264574776716,35.1365882243832,1440.8599034586132
Siberian sturgeon,16,19.347195907072397,4.15283211302455,19.454775254182678,242.10029492008863
Siberian sturgeon,52,15.571500753986983,32.000930248872095,33.21028448812064,1307.2198272925827
Siberian sturgeon,76,15.268795061852162,45.16362342184221,37.543616582338636,2139.472334072376
Siberian sturgeon,26,19.315220953544134,8.077439454678881,23.427918528562124,426.17518548473976
Siberian sturgeon,20,15.735256832316155,4.013323585552811,20.46112192509336,341.2556120714869
Rainbow trout,10,17.5166113086743,4.136542945829438,17.497767396685216,212.1053569843737
Rainbow trout,37,17.609510663231294,19.202772125472748,28.102681898159393,850.7916962580887
Siberian sturgeon,62,19.59067041963005,36.548237402859115,33.18835829833684,1612.6443635267583
Rainbow trout,45,16.00835068795809,18.479152771494952,31.51629934646079,994.3561607981071
Rainbow trout,34,18.670820219560767,16.387499480403076,26.893248265807973,689.123440242277
Siberian sturgeon,74,16.65670095076111,51.23055783387417,37.76074185446249,1997.7192712254255
Rainbow trout,22,18.857424203004598,9.681660713436905,23.720173684534284,421.5972862712245
Rainbow trout,78,16.87129841835322,49.74592540063417,36.40395734124765,1979.0118796650952
Rainbow trout,40,19.947014327342135,18.596256599397535,27.9476170645999,828.0305144788631
Rainbow trout,66,14.349332627440772,34.87341660168622,34.785021032487755,1605.9306953991593
Siberian sturgeon,18,12.682695720322688,7.1895370155276686,20.31013787141775,344.18417619939356
Rainbow trout,49,15.78025172694544,26.93531424082331,31.944507543300666,1130.1533731992047
Siberian sturgeon,26,16.411423205438947,9.873213253186687,22.248202834237645,459.12216855395775
Siberian sturgeon,19,16.566656806894077,14.698045568112288,20.789284818956475,325.0930583389116
Siberian sturgeon,71,15.748277045796863,45.58548710977958,36.54057278234959,1957.5406731915216
Rainbow trout,63,18.77884683633218,28.402344522308358,35.60543063424895,1502.2614906148465
Siberian sturgeon,18,20.256618097354536,7.486908607054619,21.5009984271337,299.4139375595925
Siberian sturgeon,59,21.81026774693331,30.96469703477573,34.6548486781872,1527.8311387436895
Siberian sturgeon,77,17.624760868193896,44.59867584939066,37.69040345020105,2257.470162685065
Siberian sturgeon,10,16.608524973600943,3.2966310681227817,17.037907851242945,155.63363170944072
Siberian sturgeon,13,15.0576520895912,6.740722012701822,19.453605900905846,263.7540409219579
Siberian sturgeon,53,16.582310541831596,31.339118999688473,31.807796861329507,1336.7197633691896
Rainbow trout,14,19.08949172720263,6.588568599373787,19.24635695228647,301.3780491083973
Rainbow trout,43,10.989761325525972,18.884361050037832,30.103144808737838,916.8795424275179
Siberian sturgeon,26,17.514775168998426,10.714890491002839,23.36214609793119,418.67510355293996
Siberian sturgeon,71,17.27027963724641,43.52732124086463,39.496309390446285,2066.558038058802
Rainbow trout,25,17.130268377271197,8.45187788637283,21.26918878256832,404.9191790375502
Rainbow trout,78,15.642671532714003,38.84680425298113,36.19938756202107,1874.4372093181225
Rainbow trout,21,15.00358770287072,7.6630450253370945,21.94858622939149,356.47428843572993
Siberian sturgeon,67,17.603572596439083,38.039445371674574,37.074694874674464,1740.992484092469
Siberian sturgeon,29,15.651259551218244,15.891902608427644,25.116784774250622,599.4114894104777
Rainbow trout,42,16.666426790865668,16.098898242990522,29.49553083677138,870.5543384464004
Rainbow trout,53,17.437853804313978,29.9186204442061,31.014002428335715,1277.8712903192795
Siberian sturgeon,46,18.7394107026345,19.921941614863584,31.10316506357432,1156.8196017089122
Siberian sturgeon,8,18.066614700772522,1.6592019452220657,16.25239651628574,122.04838686803315
Siberian sturgeon,10,17.11991309729144,1.0,17.174441899106892,166.15047979417142
Rainbow trout,35,19.327398080375353,15.603446634990794,27.60758660509878,742.2760977027523
Siberian sturgeon,75,14.648207003697364,46.35480199944699,39.1859763018792,2144.716604773075
Rainbow trout,21,15.530952802145185,4.209831607020481,21.571325535823384,381.567326900529
Rainbow trout,71,17.21913041676525,38.743807360905976,36.58765484511658,1751.597488256893
Siberian sturgeon,23,15.165660579875443,7.402422001938578,21.669457406606753,443.71552775151815
Rainbow trout,33,16.786069578686156,7.573557070765438,26.551622295708498,649.3125728439516
Siberian sturgeon,45,14.74153024897401,33.84796246380443,30.666998452073006,1133.2227572627633
Rainbow trout,49,16.96972289335923,29.397367903012942,31.15299648299704,1126.4525361583262
Rainbow trout,8,17.714976147199895,1.0,17.035941140817094,180.0086537043769
Siberian sturgeon,40,17.1612747077377,18.3301825406309,29.424088724893153,890.1562213738126
Rainbow trout,42,18.60272166585038,25.694966069988205,27.57387516778958,940.9198688003058
Siberian sturgeon,78,18.981616248602187,53.073763284908736,38.18076621535275,2212.1731257823985
Siberian sturgeon,10,12.421020069429353,1.0,13.44672897729295,96.61419400275253
Rainbow trout,34,17.17950220578826,19.39097080774922,27.634322869773367,753.073647597384
Siberian sturgeon,52,17.304652480991347,26.871336983456665,32.729978564080234,1307.2880948822267
Rainbow trout,42,19.15992323857185,21.14645079200735,30.63845508914541,945.6284066872058
Siberian sturgeon,78,17.32205410247385,51.94157345259755,38.660675463451234,2263.120577999091
Rainbow trout,24,18.75063752320748,5.518172720783719,24.682211061352557,480.27180126490634
Siberian sturgeon,65,15.940304559199177,39.316606481685305,36.39249519636785,1720.689882316936
Siberian sturgeon,37,15.332605627085329,15.775872412803954,27.550091588238796,738.3151580742456
Rainbow trout,45,19.301964420271585,22.37865041025744,30.87417228192619,954.3103931967106
Rainbow trout,36,18.026006317182777,21.15773815091074,27.801170091411464,755.6435417115058
Siberian sturgeon,45,17.87579778066572,24.45858028963113,29.968553565898176,973.0423460540152
Rainbow trout,41,14.59889234845853,23.948381373671737,27.55401600140728,909.6641281756874
Siberian sturgeon,43,15.903584862187264,18.407182391088583,30.67343385910208,990.1661943634749
Siberian sturgeon,62,16.72167485937134,33.88535098675284,36.49042120570583,1690.0680738740584
Rainbow trout,43,16.471943037230833,21.112446538834313,30.880640720031263,932.353713216824
Rainbow trout,12,16.98050616648313,11.621945202173519,16.903277682994037,197.39353828332736
Siberian sturgeon,65,16.61785477313358,38.452307734849214,37.20695369832705,1681.99741653568
Siberian sturgeon,63,16.898135361590725,34.529617300422096,34.552522385772335,1640.2283270884825
Rainbow trout,37,18.273237852970258,14.776716987242143,28.312714475273395,794.2573274286489
Rainbow trout,72,18.497878119553285,40.77088090358434,37.872519140930336,1837.808211611867
Siberian sturgeon,30,17.35555744490663,18.100197498068113,24.872034787543864,635.9110555548621
Siberian sturgeon,65,15.045509466407244,37.71102177470689,35.4427946242386,1749.9091627398714
Rainbow trout,58,13.663754507722828,25.91524055689967,33.36486487812251,1361.1414976851463
Siberian sturgeon,8,14.148497085863607,3.125697368531008,16.150042405981946,115.07332223529949
Rainbow trout,20,17.812459309983538,11.137250428540229,21.385396407098895,399.5919304187257
Rainbow trout,14,13.456539494381829,13.716749958528588,18.90554299133809,258.7008690758727
Rainbow trout,21,14.377111251903875,6.784031119157252,20.797803096911014,416.89920873252436
Rainbow trout,72,17.445751035368435,40.53566106342454,36.819215165683495,1736.1067496149758
Rainbow trout,29,16.055565134785937,10.413689251408503,23.015967330515704,604.7863849086615
Rainbow trout,68,15.73081701508191,35.51234905681695,35.878819691020176,1669.969351454748
