dissolved_oxygen_mgL,temperature_C,feeding_activity_index,turbidity_NTU,risk
6.965925568804782,18.41245564041649,0.7301985768870392,11.140911235022324,0
5.498442326803584,16.708656935860738,0.8178143293797709,3.5485417445577787,0
7.946625801282542,17.139593776123004,0.8219409287796469,1.6789521115155064,0
7.399081200603858,18.018210029894377,0.5796308750450541,5.8541991432193745,0
6.265930391541607,21.07860052392457,0.7089477235426408,14.525611151755374,0
6.396957956385381,18.69110448546708,0.8690557757730373,0.6921983006311803,0
4.782728203608341,22.02359509053582,0.8517945977123469,2.5631907624895724,1
5.493421725576682,17.471634552360545,0.9189382984904163,4.6619140448072915,0
6.823634002798006,17.029280492669862,0.7719058223346693,1.0699493105523235,0
7.0481914968347725,18.674361012479697,0.7882898690117037,4.584847519791578,0
8.916120492393945,14.629995292177478,0.47952303324278034,1.1709274814037012,0
7.4398868378558065,18.518136450463082,0.784299391005907,3.675708946233722,0
7.075053814228478,18.50171618573482,0.6805168268885883,4.200314601004894,0
7.168068471745244,16.46863208802913,0.8494360054614619,4.014974995614144,0
7.459068484896718,17.02478023747394,0.8430310820508649,6.5283150972413475,0
7.190564378104078,18.666346677520707,0.4987333422834653,0.8239681613020707,0
7.463210476124449,15.772084928408677,0.7575600869350884,32.02452788868392,0
4.73539219695955,17.274308258899204,0.877655138920975,8.060569802039225,1
4.8121763575032315,19.559513677446628,0.75139420599395,3.0587716389293735,1
8.523181554561303,17.68699137854944,0.8933780745557534,9.35142426425673,0
4.881599277450347,18.38635438240299,0.6886165964631252,4.654419038554538,1
8.99258004508146,19.161745995681127,0.5482637166740549,4.113353538918431,0
6.496969145280193,18.43877486849395,0.9532192831838381,9.361178157734045,0
7.097174773815775,19.109200773491885,0.8306993652121752,4.7981498407414165,0
5.468693849951657,21.703745465122537,0.9159256911993382,7.009659130123015,1
5.500154599340502,15.934495340882588,0.8667041118517942,1.6305334859000995,0
6.166767994439974,16.8433495336723,0.5385078283496814,3.229524245412957,0
6.660803342815858,21.853409726543585,0.7103400001322483,12.028319674133943,1
8.799874806402098,17.858230793874604,0.5493161926743103,16.666544298854888,0
6.617617529270558,19.930244697311043,0.9182597412369202,5.0153736225642955,0
7.041319609056186,18.346099625969707,0.7806934467725205,1.3486991703765794,0
7.495530783854535,18.08328124038155,0.7846598278565462,2.856251725553614,0
6.887605672243468,17.640814178329293,0.7690926647472246,5.346742951980083,0
7.271072426927468,16.0583361597932,0.6981456874578287,2.8522350210110563,0
7.4030095244030685,13.925126016392346,0.4616763610087759,4.375558682648994,0
7.034552210590312,17.84181000464422,0.39637648180007995,5.733935683936786,0
7.432461132184003,15.544987393667505,0.8967554746232574,6.4619184421057785,0
9.24630850035711,15.148744260253858,0.8976914395533746,5.214066823917631,0
6.119505354466194,14.822966289753687,0.4977668066406669,11.133077562396215,0
6.296815193184326,16.054779492658437,0.9195592420345642,2.10573161227616,0
5.176479049453386,17.231388861487677,0.9073582581889198,3.62611620751865,0
7.78392836789065,22.040686462585096,0.6405398936859966,1.3492559929845545,0
7.960678211716324,18.789867991033322,0.8131895487030101,7.252063200768611,0
7.074621123560735,18.177916838876993,0.7951303110256537,9.285132627383911,0
5.364754910648659,15.548098500233596,0.7974485353480063,1.9843558822530887,0
7.5124421861885855,20.11066829406084,0.7637986640914708,5.765131600268302,0
8.566554723459774,18.730246099108196,0.6729899649213611,7.911331777618828,0
6.509284798297596,17.229827373986396,0.5289311012684665,5.413133922140475,0
6.98365203714006,17.73546695781095,0.8583578146261048,5.8834344133991525,0
7.783693070070364,14.965950701488595,0.8256332476941407,5.900491442783195,0
5.897309309523998,15.143675979280735,0.8072754568651554,7.510003921318773,0
6.751149187058869,14.168472789634247,0.786640866207335,6.105822536473384,0
6.093113868499511,20.141122029371644,0.8397234194817876,8.252401557267081,1
7.680966365261697,15.42292768650972,0.8406003608171251,3.4297742910120563,0
6.840941038403594,16.21109896529086,0.5690784023153383,7.810695460974786,1
9.847178573198118,19.594138715874085,0.7268788693792853,5.191355375715284,0
8.287235078837233,18.52321676964753,0.8145935904552405,2.1537608205040217,0
7.123962460954923,15.074255054204013,0.7420376514139874,2.2015237536193517,0
6.23545775821738,14.479130222076327,0.7269957780342721,15.013000446450395,0
6.4108671953243235,21.422675892603802,0.9809375390620168,7.563582852478147,0
6.427610248120319,19.820629440473446,0.8014970567116071,3.072459453846975,0
9.421708973916418,16.397676822088975,0.6918087739856484,5.125611388428262,0
5.898272095822001,18.635410533301318,0.2528081221196549,16.215329077270635,1
6.487819412682939,16.55421606599146,0.4377380881886994,1.3100602385505749,0
7.175493196375801,18.682415180662037,0.5361532709701027,10.464789260050452,0
8.146764303664483,20.52706520763811,0.8838002984307072,8.956142129015301,0
6.672522247440619,17.865759212495615,0.5945708647645876,10.88168517285438,0
6.20360038558844,17.998634007217007,0.8172907925954559,2.5237995878778365,0
7.51271738111266,19.50168788540649,0.5919721891851023,2.966881029794359,0
7.601744936059229,18.049786130330293,0.43822827382156154,7.00282447342234,0
6.601733828423521,18.82105207442166,0.6660824757184076,2.929571671316664,0
7.442614187531575,19.208750625747964,0.7855451688515452,3.476723227655433,0
8.055425290815624,19.71454239807027,0.7715462922931146,3.9414850562026773,0
7.061518384187627,15.548753585488999,0.9742831455455845,1.5007481946921397,0
7.581860882780088,18.153815192612075,0.4856829048437964,2.2200755907225296,0
9.032663262514252,14.131786934131846,0.6475485755783751,5.172230602856203,0
7.747366773539905,18.915070056155002,0.6466685158052854,5.358601993540479,0
5.780701843451357,17.43313919673797,0.7611274716666789,10.931678971944088,0
5.125543363287168,19.567673455966457,0.3250952010583494,5.07390763002997,1
8.233419074666305,17.254717073027297,0.6655630912194452,1.4526398691554496,0
7.20677453229127,12.601417703127442,0.3996577836128329,4.118372389210688,0
8.414477279435683,17.074268933577347,0.8283542944781279,5.6164167825136495,0
6.054938103420276,15.603564363573636,0.8278496399258373,3.895646964825608,0
5.0346077395940725,16.311480103468995,0.8527912086135686,4.9847199784183305,0
6.7410902730580275,18.013244925933083,0.7355406847909616,2.5143469892861185,0
7.217567245215984,15.853974331748892,0.7723152926514874,8.63217184107824,0
5.421805752194496,17.420536269918454,0.9492206934131014,6.7844609018513955,0
7.298401832995487,18.247441442932693,0.5421999961145426,6.240394116928936,0
7.126925191465248,15.290142886361716,0.4662261767468182,5.156708277798476,0
5.817762830199876,18.062136512657627,0.9232086068181772,9.537362555527142,0
7.455556842909975,19.19746451376285,0.7383140654558746,12.50200122608586,0
5.793376003130548,18.784754655370016,0.633825786424644,0.5268201629423809,0
7.113871248363279,18.452305003178903,0.846777687127491,5.971888812641229,0
5.48898781818806,18.244641460377306,0.7631559710035183,7.113282151917161,1
7.7068187000210635,16.949310979560867,0.8434811090239229,4.571352627004235,0
7.195514340081543,18.367957591244206,0.6424946302891092,10.043597806493182,0
9.833258849735762,15.239760026885929,0.5806590466003082,3.8360550573057335,0
6.3404699483132125,17.265568717923788,0.5330076037596585,0.6760987085300609,0
6.263500611178056,21.556348093787776,0.7991410164966548,6.793483858476614,0
6.851485483473784,13.71305785475274,0.5771432698863875,8.0829441879253,0
6.155364552692291,20.562126816724145,0.7888362257602873,2.353724134518404,0
6.259641568584302,17.483454655725115,0.8345327939957842,0.5852542913524317,0
7.218263541071401,17.579645241826864,0.6328819541570546,10.281838527330553,0
5.315383036045985,14.482797759194696,0.7360300205417177,4.044633940097793,0
5.993242133365407,19.249465848250882,0.8612336875673229,4.956075330230985,0
6.817177149534985,17.616669695746726,0.5325627185400443,7.4929960275162175,0
6.876477177448994,19.412293101073125,0.8265090255714252,7.486926284744218,0
7.557886036958053,21.186915432810235,0.7686452287716038,3.0711360980899185,0
8.312663012220373,19.678743368014246,0.7985393813788105,13.878915351279828,0
6.448604414047464,15.22765714310273,0.5912624497413638,19.30824547042831,0
5.046740881177555,15.535406594469041,0.5673450363200897,12.529065876268,1
7.045785705466468,18.984314421516746,0.7893943829348669,2.9928024411380827,0
10.353586776869905,14.928078346257536,0.8467148521005644,5.179171408039993,0
7.59753580344365,17.599840334278177,0.7557738693935909,5.708134980873755,0
7.433499479190137,20.071927550744153,0.9154919618306445,5.590357023373965,0
6.998884013254795,22.192198960809826,0.7645616339963692,8.394710126427201,0
6.936592880839593,20.262508517751446,0.6661303692814957,4.842185964034432,0
6.246240056452001,18.815281935015708,0.5221496876777854,6.734512671091349,1
7.31124262923268,16.516559902719955,0.8451827879796509,11.79275041001986,0
7.354546565648976,19.561184728913926,0.5379062744136675,4.022056488141443,0
6.029339482749644,17.69839199809806,0.7266254341508096,2.7383083796330787,0
7.140203866829064,14.195362609788758,0.8871582368449801,0.2726590074436231,0
6.608678193789321,21.03400296580907,0.7497220614071177,4.217836558402633,0
6.608243191447738,17.684475106702926,0.4573733132691015,3.23636226154016,0
9.106401854146785,18.435002156463582,0.8118498823065755,6.194319863912234,0
8.14764384897329,17.87841323465464,0.6249723472952413,3.4424107762613563,0
5.789002788578485,19.871792383631803,0.7041550864899555,1.3713748428583414,0
6.093291763069143,18.196773576835547,0.8368946765577684,1.5716692122741733,0
5.965551150399361,20.47519195851864,0.6979918523456802,8.660296165628072,1
6.0803213849447575,17.35723777758265,0.914677398959215,9.509159151885278,0
5.835360326696666,17.77863562479935,0.7558372777123357,5.942206722495526,0
6.39913868204238,19.350969926743836,0.7122507610883119,12.192619647236082,0
7.419924753976573,17.617805955305332,0.7230011184851443,3.552979826230513,0
7.458779362677802,18.854438171712324,0.7931654013488135,5.032492352649758,0
4.388498754796288,22.58950607509454,0.7774805187877668,3.1681038405801694,1
7.583434687983531,18.493660305252376,0.595602644941852,3.1013151383647743,0
5.937828106488106,13.580131059392256,0.4992442225489626,3.5032757658549194,0
4.490712919311709,19.002892320233943,0.5538150017416487,4.571723334390633,1
5.711284130910072,14.944285984799318,0.7371930490364721,12.155262798415027,0
7.024854969218667,16.206331206015985,0.8580212477330662,5.189069649814064,0
4.661086075390946,13.025544726815905,0.4259068970119627,6.7256958552498,1
7.224226491950569,17.907412945028256,0.6970114553798169,2.3829654031970673,0
7.346622162899062,16.060939436478986,0.7482262080673746,4.3880363772879285,0
8.34390890147418,18.381398630223234,0.8968156599486203,2.9507874703710986,0
9.541730292685973,16.161574267445346,0.8495930395446827,6.060748330589337,0
6.17081147439555,17.42299297294967,0.348150903806373,7.163444802059143,0
7.4106828468621355,15.991432055596388,0.5093140839385845,9.262817121736155,0
7.035980876564879,14.358375648521323,0.7232190628038153,2.6032863643904998,0
6.9908688850516585,23.016037712734036,0.8833746715368257,4.410486055033566,0
6.282332185596591,19.530419974789698,0.41680752899871304,3.524083350494594,0
4.608071258012632,15.792739407430501,0.7214064128761188,7.730437486718816,1
8.763910300848424,17.363968103226536,0.8756826111837228,10.674140424351716,0
7.841465766021083,20.699067613987506,0.8709438480398954,7.605944638628843,0
8.59504296484602,15.847963616975377,0.7804812472457808,4.180682415663528,0
7.689704939783942,16.309992813085206,0.48381363961474483,6.175393518087818,0
6.488383245900865,18.96308281517013,0.573139797365804,11.515282890940775,1
7.440511431454659,18.700828711910425,0.9154717541631235,2.256844021960995,0
9.1376811729507,16.73418380748593,0.8338181936418456,1.336207206079906,0
5.720952120574171,18.53696775798502,0.6939419608549394,4.033081088802361,0
7.755626347744708,23.93351782584215,0.9074311011855059,1.6229796073579776,0
9.55181025157372,17.305683423118694,0.8220948446792191,2.2497009217508923,0
7.126794093235182,15.294199312463741,0.5494524039627957,1.1753449483466911,0
5.412120998300637,18.462772638057867,0.6123987001101086,5.931115150996574,1
6.453449492083103,17.13625501472697,0.3914664401156538,9.849014043314064,0
7.195535850792636,17.85085778372756,0.5875970687098757,10.056225051888449,0
5.993439669850002,19.57270435239908,0.7305399169622707,2.252802632515922,0
7.305507985800509,17.41574097265217,0.7817585060593789,2.740807049664526,0
6.62740898253185,16.352949848950654,0.7464404567998362,7.359454934483818,0
6.078435814214166,19.52902591228214,0.5164672501411354,1.0627272103263723,1
6.780621202339335,16.58968065311463,0.60691305446833,4.337031555665051,0
6.2939569690955,19.829867693211565,0.9338496677225883,9.50831488450704,0
7.248416616726622,19.326989949571708,0.6409653375970246,2.3622237327227023,0
5.981363203838243,18.333653276827054,0.7090799991494255,2.545947516257967,0
6.735777371921313,14.957010924754595,0.7724788556173439,1.006819783092228,0
6.138407275936671,20.6594029908788,0.6589427293986871,5.8221787681095805,0
8.142433275561642,16.38845802103251,0.7238204433434453,12.978210019717853,0
6.1433065514462974,20.49520153532138,0.6047898365186761,9.34177353315614,0
6.768780848046938,20.325323948813917,0.6413360307412289,3.1287557195537703,0
6.509263678311084,17.114917840099004,0.7049661378857077,3.8240340837118914,0
5.017129749021638,16.928874621800617,0.43357776327541153,5.4720722533727955,1
5.832162313853641,17.97972104770844,0.8644339315343157,6.547972732191134,0
6.73326453864031,19.522892799998374,0.6356936887720321,0.9916181406279443,0
6.186502648830058,19.09036997685998,0.39537615422081096,6.3596449180949,0
6.11110635615901,18.6701094453924,0.9093596088740277,4.274972040722173,0
7.56052214766149,20.206419450000578,0.6550995588237459,2.2189120520485432,0
6.136741857372688,13.35473593924412,0.606528098197787,6.557779409543674,0
6.5541140334830725,17.400029154674183,0.6202050333905004,9.2545770054089,0
7.914648861309141,17.165740740638704,0.785850958117569,3.3790845046006055,0
7.355937233780864,17.002739991819713,0.6899150697827704,0.6193197432784132,0
7.028962609305222,17.542191550734096,0.9020404260478053,6.4255599987732674,0
7.6348176520668485,20.799208709739517,0.7718860192675573,2.42015557502258,0
6.024615901537786,19.34741636429945,0.8715488901486117,2.4739999005763305,0
6.189008895946776,15.841658980170411,0.8579419470731606,10.812924262789092,0
7.563760678607033,20.926524351344693,0.6327903359173496,5.569328351450848,0
6.186396714212105,18.980339686031655,0.5356532448083746,3.2564217768853188,0
5.826315277037759,16.123133068674246,0.9413939549486068,0.3336376057740651,0
7.080178311220469,18.087176236007824,0.6148913777243339,1.460153978294454,0
7.457730333829751,17.298066154373082,0.7019639261699749,5.033615988189794,0
6.73284843979088,18.555699826780465,0.4982073360149803,3.3054625775695383,0
6.728204797449228,17.120937893723443,0.7702511306976862,3.8893642785756435,0
6.553124197628963,15.547168535622458,0.678321255398193,22.012314015879266,0
8.38612226954931,18.30592268940368,0.7351711094538637,7.30180799513652,0
7.097479107676974,17.09054071599093,0.7897985540222149,4.305679243722116,0
6.804435941414942,19.250558498259096,0.7071710926658031,3.8282280229625973,0
7.544887736764177,21.32874707433248,0.7763682660006814,7.718220065769279,0
5.8807215593876325,19.551748847700704,0.8672093856244473,14.451152653814173,1
6.782367898240899,19.03551278991368,0.7851231009595854,8.147563637986368,0
8.746414130439263,18.259757474832593,0.6027095811409588,17.564246801612313,0
7.720547440411751,18.018743169541306,0.8960883946748246,3.249259183556151,0
5.908500079258717,19.5074977489989,0.7008875751524758,2.7005472282924368,0
7.513380190202088,15.437276915229926,0.841322815483068,4.103993445066932,0
7.949830035041214,17.158727613821913,0.8460896208240603,2.019560210210553,0
6.566045663446822,20.86809844925905,0.9412692190846409,9.066216164913461,0
3.875488726539858,13.978921486882417,0.5749295079843098,6.238791441615708,1
9.025545923430712,16.985212129554053,0.7572203059685472,2.6091589584543864,0
6.270578295010312,16.444401798258568,0.5743889634725053,1.3984319343811462,0
7.618282593923793,17.229362446221252,0.5572872211554234,10.658225883422517,0
7.394123861026005,18.452145440236833,0.441614051500696,9.00425903985056,0
6.867823422211005,14.939565193936733,0.8448887467693271,15.325072781874322,0
7.014340309556307,20.098613425851383,0.39468343510558274,4.630152338437888,0
7.099699201382207,16.4544595150665,0.9208934799672799,18.971464868667486,0
6.894378758017338,17.84097943311943,0.46417261614919525,1.5615532427283554,0
4.751674297441458,14.4765959298909,0.842734764439884,3.8121841673645025,0
6.47308618791552,17.01591219107044,0.8667484178570823,8.437650030309289,0
6.034088977520183,20.35977362806794,0.6147826824044986,3.656158525024812,1
5.401888238522937,20.385329943488436,0.7810622739771051,0.9385738150835838,0
5.809957975591124,18.093205283304812,0.8320032659647622,5.101636545823117,0
7.30089237852803,17.914136715134045,0.7856488901794471,6.515333586240922,0
6.266511297783505,16.54042553997933,0.8334189407387762,1.6528996693089968,0
6.158335653448422,18.489163755567006,0.7117919477875544,18.209151499845525,1
7.5918520529576075,17.371616321210603,0.7882638800616377,5.557637041169723,0
8.060091129696318,18.65154051663354,0.7940621900242528,15.378878110172266,0
5.840080461495105,16.46752430297211,0.9074551419393918,2.405236929016829,0
4.685220131985629,17.144601523188058,0.6700103016066565,4.563741504370882,1
9.01339634839855,17.035734962491517,0.7358588162665589,6.628264688990898,0
6.763133642790502,17.477719207989793,0.8814404366800448,0.24939487930300833,0
8.136878372099892,16.857123024531738,0.654035514540481,3.465679814720623,0
6.71840648600851,19.54515030510931,0.44720999512328724,6.374860653076483,0
5.804305767310692,19.2383113937044,0.6439703864875921,1.572958678826236,0
6.985601343232088,19.20054665223934,0.6712352077252124,4.456105858203857,0
7.584355410325593,18.576893581091717,0.6004182001630513,4.534478029819272,0
7.161863755358941,17.148827830204844,0.7566864510577102,2.4856951550598323,0
8.727573597143433,19.49985536825784,0.6617882402959391,6.570555415071556,0
4.239172243007362,15.66896225957729,0.742631768696958,14.897385599869631,1
6.249498086967679,17.416114052720715,0.6399114372626363,2.537137971345081,0
9.135306921028596,16.32419298546284,0.5107716556432743,3.8937766075341584,0
5.800335293036379,16.02428402372465,0.669841777200137,1.547745176966612,0
5.758852383346361,17.34953550522669,0.6002543662534303,10.38317930001812,0
6.94086476323541,18.877014172821664,0.8649665780635304,8.501511765828642,0
5.43569807149997,18.33655687375082,0.6268477375156406,5.135234982684517,1
8.349760246247452,16.380057512418645,0.8559838847615763,1.5630030231847583,0
5.7145465616599385,21.63399665429113,0.9430267054632764,8.259288489696905,1
7.5209656922273265,19.511073206096068,0.7841044691498176,3.7954382803908757,0
5.84122181549659,11.172549579801133,0.7601694647200824,6.040616032886604,0
6.613503621459617,20.77050140553016,0.6136709159428122,15.82529928059125,1
9.074201600111518,15.073480980817472,0.4494736182076811,1.4240096186448412,0
8.096200870062637,14.881218685990385,0.8699673726683601,0.8991907079077226,0
7.129386831746223,16.632193649344917,0.8509031931158396,5.015282075356554,0
6.12934294594313,15.979935144058167,0.6748620598784789,9.30768026995747,0
5.869054101437765,21.903376103281346,0.3292257033325717,8.903494075971356,1
7.331230265108405,14.298988176786818,0.8790092513388906,9.010939084481269,0
5.669474740875826,18.78724684699488,0.9225549307185897,2.310384982790537,0
6.809444859923032,22.48310574383282,0.5562518566112015,9.57341325334468,0
7.619457026763746,18.318140202997178,0.8299923552179855,9.383501703415304,0
6.8565070588798696,14.828049168173665,0.937763423066156,7.589709541418642,0
7.014333312322763,14.36748132517869,0.702184339583586,5.834116214250241,0
6.59761180288856,17.992193438940447,0.6555355955892019,6.0480571089953,0
7.813999864972538,17.208516270396874,0.896240299947273,4.719391736357492,0
7.903652897647129,17.554751060612507,0.7425352532667834,9.846774502391,0
5.46932992258072,15.293229039589228,0.44404376955844405,13.772957113163883,1
6.641296631887093,20.962184615776852,0.7836977887183191,12.931887445806183,0
8.479602736034554,17.13117418491361,0.7116464275332869,17.98342148010055,0
7.046596394563803,15.846991461426164,0.9141161043057573,9.478879267644176,0
6.358624107854657,20.124025734934836,0.6238626598656419,15.740576762508018,1
8.086945549376386,18.441226173887973,0.7226572311867717,10.782727160129461,0
7.500848271845289,13.38326041038899,0.6422464516325287,3.097005647725951,0
9.239886285633148,18.199012181377263,0.7692648876811247,2.854786272124684,0
8.857737114937493,17.985241144840177,0.5605848075805109,7.108877883931052,0
6.6873455722709565,18.089027927800487,0.7760352541623624,2.928089233564727,0
7.8338751270300655,18.79085959143928,0.570224446679767,9.14297585698977,0
7.27353913475989,20.590188770097132,0.8161228869610411,2.0188054214165265,0
5.143054968457263,15.119895440204639,0.4741551560339603,3.5708346361625924,1
7.180126265884003,18.27716245078049,0.735038608008299,1.8436163194088282,0
6.892845674612565,17.946779948969365,0.5274708110377819,1.3616910363622337,0
7.028174468944583,20.37991970554276,0.7344756606565256,6.309993814740119,0
6.357111229989929,18.31564245415058,0.5659851209286191,3.068619999049613,0
8.319125820691884,16.174025409217975,0.7826116169806462,3.378961370323413,0
8.331186643243603,19.266685294803203,0.668400173840598,7.834973789787974,0
6.337820049769886,19.339144609130944,0.5527943272082319,4.901811816147429,0
9.545299945927416,19.27468793630494,0.5309446658465332,14.23257688515579,0
7.90310142531948,19.73498356301476,0.4488511678632039,9.991414466278338,0
7.101550604177476,18.00958457855749,0.7592995291997688,2.1159725756050753,0
5.6968986714529315,16.417645514988994,0.8181904714898658,22.751623777095954,0
7.824401254217185,15.849708299723199,0.9370907817244374,6.3399738955752625,0
7.30503046157572,19.62170447761527,0.5693735792305872,1.9582461395515547,0
8.567619430927783,17.010105407338663,0.7032608696514883,5.355301496265989,0
6.900425382201178,19.876700209989934,0.4761259933076166,5.952827984014888,1
5.878324976540419,16.91948624654684,0.7874580639832073,1.1022739435320208,0
9.126844126488143,16.760355698910484,0.5572235214572,5.15897742130594,0
7.071495400320063,20.0357758840786,0.6429987248390038,4.611650263821545,0
6.017145234858741,16.06776115712491,0.4643060625494892,9.418089579730708,0
4.9621437648386815,17.3469901942008,0.7255533682778637,8.629820101301782,1
8.920592578115926,10.578839597111141,0.5787032784030719,5.357109150487188,0
5.915367586907282,18.06220769311844,0.33936950132459176,5.501498579136693,1
7.122441618268615,20.181201260815396,0.5248045688484437,4.240604496379863,0
5.848824674237541,20.42562462441974,0.8968053140292487,4.569721714088057,0
7.5044848480425825,19.991747574751987,0.6050666279251523,2.923538066160316,0
6.434983302568192,19.27511500561447,0.5981617799411139,1.510038312120367,0
6.792951825959282,14.536354961757699,0.8706306763369152,8.97685840779636,0
9.106218278046871,21.235982231253917,0.7355563906852507,4.230117266639616,0
5.235031897446144,16.982991506794143,0.5153705014412668,0.6745894447333095,1
8.081380132964634,17.936695493648074,0.706812052852838,7.5230633815394174,0
7.021704165136335,16.017061710580283,0.870353612539272,6.257758134903333,0
4.4296720602157365,18.653815856825393,0.7210137370228875,2.143514433146117,1
6.915969263598934,18.450288631681833,0.7839189864017702,5.0789013734669375,0
6.495357571914445,18.059293880768976,0.8270602999414899,3.25103354641604,0
6.188826839079366,17.3998658966353,0.9140271731849916,1.7539856874507629,0
6.533638043137893,19.052575924076816,0.5487259913716601,5.933679027127996,0
5.57604249477915,17.117508817700767,0.8707229920339433,6.654909494413447,1
6.6742784311585295,13.856860417726683,0.8767288734597138,16.36348498118576,0
8.18737535335864,17.19324090392706,0.7368381932170941,3.3827802478628968,0
5.993317352806432,16.706991008799807,0.691116378599245,6.8089550071107405,0
8.268785822075122,18.567728065166108,0.6622206769520926,2.9257701150615087,0
10.258842504154961,16.37155802890824,0.9177597179944983,3.658821296157641,0
7.452150520828496,18.478981578724657,0.6314280587328166,5.2922779183412185,0
5.758547978103717,19.216584631991665,0.7913724738843302,6.486601924045445,1
8.115280291168064,20.658546144222324,0.7537516525424576,7.024721711784917,0
8.881080120923388,16.85252026965606,0.922081864862784,16.915900236414767,0
5.258390714708163,17.787263604847812,0.6178140150481108,9.365332291420426,1
7.096721259183113,18.166643503234678,0.6652276671561941,5.2312405247539004,0
5.881444505511354,18.61266885753574,0.8610179232941813,1.8264400241764265,0
9.461007537075055,15.622447774474688,0.6652828903982199,7.744326109822511,0
4.741508332232966,18.060655601560388,0.8829720203378392,2.91253076545725,1
6.063410884217683,20.22696834609412,0.8006004961149331,6.544600029947117,0
6.8092398770019615,16.337546799104345,0.6655795063983375,9.340686478400396,0
5.453892472205641,19.005985711115613,0.4700797280560956,1.302491012364868,1
6.07760192681374,14.700519376481465,0.8109083874901529,7.664934434889137,0
5.712976421672871,16.093820686660656,0.5292499852592552,7.041558439763969,0
6.538946790995641,17.32148875822851,0.7587735439436359,7.7399659867187935,0
6.045674754666961,17.337516992743538,0.8169153072297765,7.4901423881419,0
4.534533690044828,16.241008011974625,0.7311246597079172,0.47124598119067523,1
6.852785946043067,20.932734285517167,0.918332168962991,9.590097391702963,0
6.4369419967061905,20.08454888999785,0.9286796306586658,10.396309036417124,0
6.50256829801963,16.419253059770526,0.8678556631412737,6.902331558619384,0
6.036229693167272,15.500460571687523,0.8918639217803308,1.6450497120524479,0
8.547233430562816,19.13809550932577,0.9168317945846253,4.594180481487592,0
8.18317539935548,16.949834499607512,0.8588506855908188,6.301435840723349,0
6.864235767816961,17.44563535617213,0.713923486755594,9.16358221457201,0
7.532623801990591,20.391135253231123,0.5797970008722803,1.7019241018425637,0
5.983236981403893,19.94147992014996,0.5770840810798106,15.254517267580198,1
5.237491672861186,14.90092666739767,0.898539988417405,4.75256164858813,0
5.920932049297236,19.22949121847642,0.6061895953089729,5.7389639455075905,0
9.016274437524741,12.519617885370803,0.8937245437951934,4.862506279556183,0
7.5776604515941255,13.61906539238711,0.5296867595618427,6.690480487815185,0
6.872575682162867,21.329398142747827,0.7289828301478033,6.950088537059973,0
6.85463196588206,12.232933800783647,0.7556480421638032,21.701164134580154,0
6.454161074240098,18.041636305777708,0.4825295178928994,9.125367500459802,0
8.078066538235248,20.89544279070817,0.9363237585807963,8.976463489129632,0
6.996603475399122,20.717057300808825,0.8805383119257997,10.41196624694371,0
6.4427241391113945,18.26972060960329,0.6962428289427078,5.018893743395698,0
7.138063681532245,17.16178670675695,0.5921089978946431,16.004594688074313,0
7.716793892506952,17.47833639278143,0.9046915073710742,3.198362156413696,0
6.9210483967589065,14.424498779452996,0.9113779831728697,1.6570798753572904,0
7.65635527967928,18.613352607572452,0.8475054151089123,1.3340367216514144,0
7.183222155382431,15.135376617250206,0.7306638871745432,9.337094047613139,0
7.991472873829901,16.548964241263132,0.4921166657609439,2.864195795363398,0
8.086085800724906,16.090871273786803,0.886214772254622,1.9210483106532723,0
7.50430691307226,19.975722298990412,0.8462903547396996,18.256555398335756,0
5.951266827679458,19.991231997328505,0.5847125349814839,2.016869373407927,0
8.15727678984796,20.26535865688006,0.8235692117594492,4.109493787580404,0
7.421940714500899,15.611074187362568,0.5386043161301184,2.7699509674678175,0
7.757487915985173,18.3659443906063,0.9163467519637061,6.501585675093866,0
6.935898079319432,18.34892150216287,0.8309905703189712,13.98929048375511,0
6.033239530763199,18.272078793078563,0.5217429619206193,6.57284091056367,0
8.084381621434003,16.931605236844238,0.8187219182382727,6.094255212213339,0
5.683832829116951,16.682919978244424,0.8909425600124363,8.09242621052456,0
6.7019472308305605,17.466961698615933,0.5769183687781949,2.7947354997894545,0
6.0662163684455175,15.257690052492782,0.7859480079785442,1.0958374006240648,0
5.934684680328049,17.017333603412276,0.6593238419600036,1.2783168723668976,0
7.191984446355536,17.878596243664035,0.6109104835718192,1.2622251066854486,0
6.632021496326774,16.382403628254533,0.718448689851953,1.2110160415787483,0
7.906967768040229,19.442105367494374,0.9266471837065546,10.026521489386962,0
6.777970781822524,16.609770675127304,0.8674397507758116,8.690162752876597,0
5.62846846301355,16.216887443682207,0.6763022408198063,2.0690367692545637,0
7.007593820604705,16.760897955450357,0.6488340276080722,7.689812407117911,0
6.744902697892748,16.08285697621281,0.8215807696155423,16.085933134040154,0
5.909440621578942,15.05641207281608,0.5351187865566704,11.930869104680689,1
7.7132777763722,17.671312084486058,0.8696573990564462,7.883695433199234,0
6.814735344784096,17.006664427861445,0.837598464475454,5.781184723361781,0
8.85821115260966,19.63016100994505,0.953950965748574,13.383303743258328,0
6.657513263949563,18.055293209543734,0.7206437076375903,12.037362907666267,0
5.668470216758431,18.72433677933117,0.6169992305155594,11.415067055605023,0
7.6312438265860685,19.437555448901882,0.41550526439897645,5.218689042510656,0
5.626313044820007,16.83796229182172,0.8827085838395332,4.567958838661598,0
5.443475306993086,21.774883610234955,0.8622281453833129,2.9866949180166396,0
7.1241500934284385,14.1560499480733,0.4378523551508118,3.988337102068304,0
7.148830870973222,20.43443516408481,0.6984832134494958,2.5517392398455843,0
5.89252246910816,19.532577925839764,0.9127371984107893,1.6146223531146933,0
4.288445272732975,21.6677238980022,0.7608437079257869,8.427741591783992,1
5.890692907167304,21.822773833925325,0.8407459622366915,1.096569619816641,0
5.93157697579012,18.154708146779704,0.6010249262813339,3.8385979293328925,0
6.477750812880445,18.82205398979908,0.3310009229955979,2.8411896146679414,0
7.811216504837186,19.62249321012707,0.938047266944637,3.367123989698883,0
6.3358218483768365,13.931445218502322,0.7423379554935718,5.290989854514738,0
5.92965816332318,16.305945867962176,0.5496805449334341,5.172666933728272,0
8.094527076273842,16.244152701420077,0.6912834566215273,1.2172872072425034,0
7.223180277567002,18.457560050444368,0.8093974523790927,2.286155957840029,0
7.269814341967438,16.383628444116308,0.6514036538955882,9.051538344698395,0
6.22922224908178,19.496112902020727,0.8245656666298589,1.7861148196756764,0
8.098759290939626,19.25821906458396,0.5810705652186492,2.0988414482160973,0
8.847483170874002,17.870677685031715,0.6899396636639734,7.655997096197566,0
5.349091801879721,15.231820324738191,0.7323007617745823,18.077217402628705,1
7.444951263810665,17.384021938972435,0.7085049635642573,2.787863271313637,0
7.533334966243705,19.51263256059093,0.4647608152918392,8.106788822241834,0
8.280138557152558,17.95381096577168,0.850602914186436,8.749317348312433,0
7.1196146409889955,17.031994738172315,0.7439706490437363,9.387578892959745,0
6.7396828017276285,19.694164968382015,0.6832643994746823,12.719030274584394,0
7.831476017652266,16.500031944032294,0.45026327444422887,12.489201009246683,0
8.515576372401581,15.311604347682167,0.9206762684564865,0.9143822490618831,0
6.604089748707148,17.746286452675438,0.5113357192562731,5.039644342220456,0
6.782714512191096,17.703350876153973,0.5646895003545698,4.522138680080833,0
8.05599422328879,14.723419219403363,0.3451479834682389,4.045979192402634,0
6.248874747637312,15.507891214537146,0.7630312585068431,7.633976010086048,0
5.778332505824869,17.276816147345457,0.9203557342706722,5.16432087184349,0
7.1604105371134095,18.259230613513807,0.8371079973014728,8.285249950504323,0
6.549809451748535,15.731605773542746,0.8726513304979686,10.131643745212642,0
7.909235576340276,17.651620364842223,0.9292043655929851,6.6811514013003155,0
7.687238714878236,16.57290679044698,0.9346789885108345,5.104686007527566,0
6.866714126327396,16.658671236015845,0.4884024518062205,26.78227064728572,1
8.16097819170088,19.92592560160855,0.7012398159965858,2.0524044207923655,0
6.8171786225253825,19.87566059438689,0.7439591057679891,12.660105280049134,0
7.861074913333959,18.85061288309627,0.8434796774493308,9.379411401923033,0
5.688388311845274,17.989217757846447,0.8675330151904871,4.175683525523777,0
5.739648278192996,17.585246940848776,0.7734303718451003,7.94024319615988,0
6.442728820648804,19.65066909888612,0.6590772712201619,7.897565023699402,0
6.885135572243755,12.408990130539028,0.8386630796944211,6.906347949662834,0
7.035885382225297,18.00586650235956,0.32318309667297207,6.298240886920652,0
8.300339876398438,19.90994688774726,0.38556651548190585,9.58171405500616,0
5.814473082808964,19.489995250121076,0.4490069035508256,1.583269024537028,1
7.427012098593123,19.9470800754893,0.7032123364061075,11.274720626564015,0
8.057380145612584,16.82838476514611,0.6591901898365885,6.353776946727299,0
7.868886808040469,19.748519616773986,0.6910968120600887,4.812313962911135,0
5.058227532436043,18.475674674577412,0.9161098370085442,2.9118570850164494,1
8.152100735559017,21.92331491301687,0.6311187652069135,1.6106353931156507,0
4.325145945393388,18.445081259285793,0.9136004611207569,1.127536536054335,0
8.240780847197959,19.926343708990235,0.6210527371582315,3.0666048299433424,0
5.16535378198,21.746734906491394,0.8251231067220275,1.7831586350092408,0
9.106326128015844,16.70726632900769,0.5346804093382291,3.6573500514509267,0
8.896750320325008,14.071980891780449,0.9167400533101523,4.759409297930634,0
4.097054133049507,19.560063387727453,0.8899351041126506,11.469670859337569,1
6.775485060792285,17.14507813577418,0.47301458148985587,2.96606983551759,0
7.03874716945197,21.34489437430011,0.9237008142848562,7.319682940334184,0
9.095392472531863,17.986104418910106,0.5911439817110712,3.1152798451927928,0
7.5627276841460045,16.662104683937766,0.8252203915918838,2.280865264031475,0
9.805720987988465,15.281197339460158,0.5283613848491145,3.7952666707142075,0
6.224759446563806,17.714641750785127,0.890041903277662,3.5253002272776843,0
7.334150547358759,17.74262640072876,0.49271133434135944,13.520508813689307,0
6.981562388278356,20.172548510794005,0.315152922393551,0.9988225559162509,0
6.152623956987748,15.618567551291946,0.6611219366898725,0.3548609481864088,0
8.096104645872398,12.803549251675456,0.5910883258967762,1.884246818607366,0
10.680114092610719,18.021536097881963,0.6878826105456282,8.206249641990249,0
7.916944944398518,18.851886077127546,0.531004133465011,6.609973716724076,0
6.256081502494448,16.065262236017805,0.868822347126715,2.094603833319381,0
8.263321359285488,17.849080317446308,0.8302096940290603,6.352413460852979,0
7.545041964750316,17.2965758472208,0.9337427175285863,4.458732512571758,0
6.6756569279997375,17.682677862407235,0.7846376245061565,5.983590345520884,0
6.21556958693416,19.832203833353606,0.6290096994074562,3.9530056417669113,1
9.978588608937832,16.348679448300803,0.736428133688792,1.8702592103636149,0
6.459564708619531,18.943187042006713,0.7869601596055597,5.113621714396398,0
8.747475946438097,17.650563258853907,0.5665353213340438,10.026645250113544,0
6.645850337163797,18.735338850287718,0.6130365801589885,1.082882510384061,0
6.564918293891512,16.56260953066683,0.22787436552112517,1.9533134409573591,0
5.175763796063696,18.44883808633901,0.7778681683934747,1.63849307779954,1
7.172754433488243,17.051187811496867,0.5980603729748345,1.207459091924777,0
6.071799971862282,19.14425866491315,0.5144285758651499,5.407583505821996,0
8.695722594407181,14.685811887504503,0.9045372595371363,12.306585840812305,0
8.099563551462417,20.29232897017107,0.471089122539097,1.5390053929574434,0
7.361270774793289,20.186421326847594,0.4675101113223807,4.752177436871772,0
8.827183111145661,17.21490801394468,0.9567865573484889,4.488277485036121,0
6.283527429750254,14.612608754406597,0.8757078286299204,1.3074676780433838,0
8.450403925874292,16.511582641378254,0.44039036258724823,8.08666623564453,0
5.951625525335914,18.205601408248437,0.6986160959006943,8.015663225219855,1
7.454416104816696,13.90201545779187,0.8501319068684643,12.696141676637765,0
7.040483917890866,18.260482774582606,0.724917731032845,0.2736317186273652,0
7.905289496238202,19.218230313116244,0.9297770255562512,4.970822341518735,0
6.808256100276046,17.028557600044305,0.6170881134916092,8.243741427806711,0
7.812275808912689,16.800923773032096,0.8039321926100634,2.8407775606996277,0
7.338301675046229,18.782687264855944,0.7293410763398475,4.078216230668506,0
4.855516346026088,16.078179966911527,0.7650855418119503,14.452159177331067,1
7.815800438390401,14.881332334886242,0.6647523921992765,5.821340161927187,0
7.754816916707928,19.175993562864445,0.6558725234783542,4.17547383344533,0
6.548858510710159,16.289109759598592,0.5309705360756679,0.21264994507253093,0
6.5378242184801385,19.289326214830044,0.8595647165862605,6.196180008454901,0
6.067208821975034,15.768929767097678,0.8067046206285193,11.008904290971724,0
5.114180640072925,18.177992770813916,0.795572969775289,7.14538443230375,1
8.271330358359968,15.99421577009474,0.9447976957636893,10.504117387730577,0
6.062211559473804,15.80422237715138,0.8769297978285264,3.70361162204667,0
6.708647296359203,15.904911248369652,0.7132481510487692,4.1200789666985855,0
6.218212480740811,16.005037121522257,0.5551860130038486,7.223457188151185,0
7.374269058316547,20.068819834760475,0.7304044238840148,0.6512004028257281,0
5.984861221462694,21.885427374754258,0.5274166671616267,3.0109967776776454,1
8.328049041725864,17.122224880381655,0.8263819697294313,3.7255885409996994,0
7.037376707464914,19.685100621839332,0.7233589063667508,8.58197795157788,0
6.427508497999864,14.12791410111425,0.7454481826194855,7.760183596032201,0
9.683094118542288,20.004054391792273,0.7821325417109876,3.42207894364343,0
6.483215721269751,16.166253435543183,0.658712536093565,3.051460770037565,0
4.873958169168625,14.833903233421232,0.7698823601027228,3.9364454572886105,0
7.829898819070604,17.514635522340157,0.9847997409055376,24.222266090625517,0
7.676940119692446,18.161092462085282,0.6403773151364248,1.8566803777291532,0
7.141285780149341,19.58946878927809,0.40126087141105243,2.9794879433598145,0
7.1271026642429245,16.287886072713512,0.5904831973229726,7.156390785838082,0
5.844455248722182,20.020762355645573,0.7713277701535759,3.517532488946781,0
5.012372292597297,19.574989628325962,0.598224343131011,5.061109563517309,1
9.001358345993273,18.74431338452611,0.7522734400735093,1.5274803687149374,0
6.403050034278214,18.537588056548636,0.9262016722351941,7.890275361991753,0
5.765461612725488,18.214194232842445,0.9091426259657788,10.872020898256633,0
7.148216519716504,17.39526458882833,0.4976339992217886,5.193261998799348,0
7.749930699898968,18.254255458345398,0.6372743688643211,1.9057492138123846,0
8.131015718826756,19.12633245355162,0.8560377820365376,1.0267978910213045,0
8.173083160503145,18.549839280498183,0.7917831950755161,2.1105573038446517,0
6.34371925934134,20.86196963726887,0.7575267346987202,5.959804078310489,0
8.907642511144209,18.598598313144844,0.849473367889822,2.5400861658719527,0
7.932276111445637,17.251364054896285,0.8378521415785928,5.4764162478866,0
6.70299470789772,15.714060263081947,0.8653724968835445,9.122150275110762,0
6.162214659331355,21.89524360238102,0.3450713319304362,1.8397894875678076,0
7.33626066592592,17.676101588241536,0.6499899545102183,9.412504261721905,0
7.842895437927808,17.095423772144287,0.7245701621296617,3.6987969503263867,0
7.97092931988249,14.870190043924243,0.8780647565245342,10.90013212241422,0
6.816634437270769,20.63547336284169,0.8278950054643296,3.902017820527747,0
7.69016129926812,17.70149032016002,0.8136466814483957,5.464786953728846,0
5.664874228320445,18.55547562056134,0.70715017752901,17.705155862473582,1
7.719823533530387,19.6815877086778,0.5534018778743355,3.4714810847356365,0
8.380206780934017,19.266392175249084,0.9411151835501438,4.040226986114758,0
7.729126966168903,16.556650777370045,0.8783932392658391,1.8610083267448507,0
7.255694830337477,17.622778353012702,0.7686955696027236,2.861270733683527,0
7.662473805299903,18.891372125905857,0.4462258861802295,3.8629593110640124,0
5.220107696589792,18.17015179037496,0.5544181980673117,7.821413856839231,1
8.651984409048344,17.244409311472147,0.4493878648130924,2.132248081976698,0
5.9253462932928835,17.414964397259318,0.7168582956658647,5.1737792086808865,0
8.05906616269199,19.934110192308186,0.8319426102501144,1.471946183183814,0
7.762561821227248,17.704573050422148,0.644182527977615,6.086357676076001,0
7.636687493341268,20.792088612673325,0.7943704037333643,9.193444241782792,0
7.772076509847259,18.776595479492492,0.8014269933190363,4.961720849033769,0
6.7794639546017175,19.662191951515013,0.8761820726124276,28.1858696594228,1
5.833747699136936,19.791759041693275,0.4695078168055084,0.28773174999449225,1
5.976615316141205,17.254734095202114,0.7549952592533509,0.2959603774448494,0
7.885285257734644,22.07219849811867,0.5998897386555299,4.498653024491779,0
7.12146970991351,20.813215428495393,0.9107071926649206,0.16756391595278736,0
7.662650839452982,17.626085374823077,0.5543167215760815,4.445724512298485,0
7.667728384059186,16.678268971583044,0.8418295381407065,5.433434402013045,0
7.780596010402963,17.2995638307972,0.8523009137274656,10.027893094987679,0
7.778421640191052,19.293113828032855,0.8016528899136214,3.1880471326970485,0
6.429773670225463,20.027244155296028,0.6928797380200238,0.9870733359751902,0
6.446714401541657,19.9327736055482,0.47933136958025174,0.18163843066958968,0
7.411689908644229,14.669531895519228,0.5528523160508559,1.8793503060642975,0
6.874369669670484,17.818880364620103,0.8237436503591095,4.299157090241242,0
5.00684486006616,17.82258508212308,0.5157504685674728,10.354750567574056,1
7.538042537368671,17.86966710640428,0.8282354136811554,3.280981884122437,0
8.394916607299626,18.35085843496986,0.8822523179429815,5.048756185384022,0
9.913770138373366,19.844302776122245,0.5832765706144317,3.5904157220305253,0
5.727375429633854,13.71281209936588,0.8152294865713214,1.7810382043459185,0
7.549065356780421,16.168172178215947,0.5463721402196418,4.846409339227415,0
5.026016390536512,17.491992464940008,0.5556938464989823,3.5600803951375015,1
7.163964062551886,18.586087583659474,0.6629641972871148,4.9655195036442885,0
6.247378101160306,18.17803158497401,0.583155031870208,3.6304298850330987,0
6.266262751026669,18.662026040981043,0.7483548371076131,12.581442034103647,1
6.7550058221012765,15.505187109984517,0.9743131991980576,3.00255528127994,0
7.660469656147031,16.92738509952513,0.9787821192886139,2.2834596418671005,0
7.886679200637659,18.898560401144184,0.8792194929614916,5.784649937166138,0
9.384024216767646,18.222634754193937,0.7933261038895086,3.0306412695723375,0
8.289985478767424,18.052076698571653,0.9712755510977306,3.817959638908461,0
5.74551385436558,13.958095574102117,0.7237573089661822,6.410945965864785,0
6.256584130947755,17.341526463140664,0.8371907773692874,3.5977094683537496,0
7.286931409798763,17.96149869100528,0.49437614622760423,4.192776342938565,0
5.121721729983722,18.44502021743846,0.8813682779461464,5.4328598676835815,0
5.369383159962884,17.670455191142462,0.9206153686449293,5.196905830492984,0
5.910331246577675,21.39582633905926,0.33773824057993784,7.249858455645612,0
3.9258555679473863,18.642246002273623,0.6217589119759154,5.95363555187831,1
6.9831511121742045,18.679627167141962,0.8676459520792046,3.828977241344014,0
6.2655417889036285,16.213654895168208,0.9602915423376002,6.890671695590148,0
7.634342104681535,18.690161720740672,0.4842699616260716,5.741127952193464,0
6.896411891014572,20.166325759923865,0.6387012896021506,4.255169199696698,0
6.8114094819897195,20.598778729841925,0.912272198426539,2.9099161120554493,0
6.452012263264742,13.792333646297593,0.9407542141788541,4.013612673405823,0
8.617050282691238,17.55064873799293,0.6218362516358129,1.0273316258580658,0
5.720588759342615,18.42163621396635,0.41531595161632134,6.198390691784827,1
8.363291573909594,15.24758378906201,0.5613098248224193,5.294915039645685,0
10.011828631327191,14.94928045453613,0.5396993356076227,9.683990557289873,0
7.090856461547763,20.82756356051748,0.746576650374503,2.1652627171199006,0
7.138767289134351,19.267884668001795,0.9032417567121592,5.49151953976429,0
5.822550034212835,18.78783760548996,0.7167622294883635,4.449772508711861,0
6.0441883846298134,15.666416410337296,0.6001784093990606,11.149095665526058,0
6.150673822016005,18.67964818996828,0.9608346276665846,6.340871415141274,0
5.8831102124168435,17.217065211367668,0.9110829943853063,1.3167917319346178,0
4.527845290387245,17.493839962182165,0.9385179281365197,1.6408663563998531,1
4.8946867017892055,20.052940842926024,0.563979878265971,9.268630449493438,1
5.12432924025278,23.00875602762391,0.5987047327366943,5.391478476513089,1
8.193720431228861,18.05463798855144,0.7597939260015152,5.826908959433055,0
5.302722863457257,17.770090497655172,0.843053818069976,5.672423379126206,0
7.259960020653719,18.32913195350926,0.946473307115733,6.886866957456647,0
5.262113754210765,17.976441293618258,0.45892518576817326,3.5838725700821352,1
6.298825190332321,19.242058542660907,0.84911451821305,1.6455621024802183,0
7.795661196049984,18.028505081861983,0.8034367126482038,6.528610143987977,0
8.041398080083487,19.004051045848172,0.8905135914741499,0.7612665449844251,0
8.429270320889433,20.812571668691128,0.9104402317437332,1.6415885089200306,0
7.483386219610661,15.558608213970153,0.8175137986310154,5.208683477774078,0
7.594071489849775,20.746112930770455,0.7807180016818551,2.691445973419481,0
7.11644107488615,20.1426184090145,0.5796656729349259,1.6399226876022834,0
8.233947402906114,19.45049384128397,0.8171690535018173,9.723532782427606,0
6.506814325628426,19.468627783521452,0.4388966725674593,4.249407992897151,1
6.47627828381624,22.735774266321844,0.7385299615325808,4.41286032839328,0
5.192576267709963,17.402662091609237,0.8071491687104716,8.260228850269778,1
5.788833941975921,18.16869218217401,0.8276649064838763,7.861344576636776,0
5.179313179942712,18.752099996910818,0.7168940095744089,4.2330300060222505,1
7.628060804303932,17.76307353523616,0.8536236300106352,3.8596859234917655,0
6.174751957778112,20.707986239008807,0.7725530612999295,0.8414567921824407,0
7.7473390841259535,19.402259188637313,0.31100194571889483,9.893891101542962,0
5.882621903989735,20.160007941261032,0.8693653340580298,4.807636911576818,0
7.549041591557998,19.815360200366776,0.36574042607606116,5.141233894629727,0
6.976578620419886,15.501077148650566,0.8664959784163427,11.364959211920066,0
7.345220519232689,19.48025269309302,0.7546352480983124,5.476526111810063,0
6.958847386984047,18.99846821800783,0.6559815349670481,3.4813998006203115,0
8.078599637582421,18.739265388715417,0.9615823238067149,19.712565042709066,0
9.005007382320638,16.32986940550395,0.6735740327593459,0.5498132329218081,0
9.298166065713696,17.201724367710323,0.8485975561809252,2.5976198808537334,0
5.886805302910222,18.08569356516185,0.4661102006067868,5.267553187841892,0
6.690150132358896,20.084333497562458,0.1774991062424825,12.223127429118996,1
6.342315627436551,17.83834167578326,0.6911866049951786,11.067549849196215,1
7.659517182702272,14.552181209636888,0.5878038980854128,5.676215704573452,0
3.889995887940166,19.603804416091887,0.6284436796763536,4.517796140453502,1
7.46836708879251,18.157067373892875,0.3519274657357497,15.662385654055036,0
6.950592675407422,18.62654736042794,0.59297444939421,3.7377016620625856,0
7.6866803988726735,17.582071667553063,0.583110871040109,10.335962547430182,0
7.5289085439582015,20.805444978392615,0.7034923517330571,7.466226450763818,0
6.628370639998968,19.995529743680635,0.5771341789551883,2.8532002725979266,0
5.145034674666869,18.123452461431626,0.7723185801478653,3.2628068009316062,1
8.68578065963769,19.65747416404728,0.5758254770643814,6.340290049125354,0
2.8045295939196047,15.900964370305601,0.6931706846414257,1.6895829245342662,1
5.376766548164575,16.968608069512683,0.823746608680527,1.632328467996423,0
5.8601350846623275,16.99292549502441,0.5645169818944961,2.4344337394454865,0
6.6445196337038945,17.046700501045734,0.9536024470852875,9.385264192226813,0
7.9043652013977,18.751906888434792,0.8979536632030682,7.955730176713774,0
9.371866530014898,17.490679089133096,0.8518389223604556,7.158328123398045,0
8.035505824997024,16.90752343219835,0.6525665505990947,13.071013085400342,0
8.242306675127056,17.847747548123234,0.8981452323810794,2.889471110204587,0
6.788578081333352,17.916303880054592,0.8781712925788625,5.464068134317194,0
6.482973681694667,17.476998952218338,0.7393991881940348,3.0467001155233904,0
7.54159373892831,18.521204985007348,0.6638024999784269,4.967714138138862,0
6.496730010543248,17.50155776381303,0.7325269430694377,8.2097442473025,1
6.090911168045808,17.36458088115641,0.7102786213095609,5.732301862354767,1
7.1325310554231995,16.157207080831636,0.8904650532904027,2.857627544763708,0
6.990878410666391,17.5785448058353,0.664143875447865,4.897983792767288,0
5.5937183597472675,20.267510378060543,0.9161988126641846,5.596429243876476,0
6.6976568727464345,18.476463333609512,0.9412267777572785,8.322865875221844,0
8.244174088877818,18.045449276018623,0.9710882266668202,2.227381962251407,0
8.161745457327719,17.426327259109947,0.6001800043667304,1.7701427120933455,0
6.924567842518095,15.805329503707457,0.9335960844243771,1.89084182876496,0
8.890204821344371,14.188181869326641,0.8087889572289957,9.28328833163748,0
7.297390576992744,16.67275123464368,0.5359527871178781,8.086805808730414,0
7.660679412849331,21.26165866128967,0.6352521817604894,6.740386077520409,0
7.812550029371817,16.673988920862445,0.7112241931597078,4.311467270849557,0
4.449367048131563,21.01174341564332,0.9536124919081838,14.05293165115119,1
7.311935521917296,19.665778676073135,0.9286146082202731,21.17487342262267,0
7.451734105662281,21.157265797389154,0.771807860479112,9.785947877482647,0
6.1807662856670005,19.164946569530215,0.5996801071713367,4.360155565676299,0
9.666305610289998,17.111838301349817,0.819391139952806,3.024398486842157,0
5.306122192390018,13.249381309734165,0.848739028047945,11.252656137436128,0
8.337083502040535,17.669523724986185,0.6560638114878999,4.236683114374923,0
6.550987816461497,15.36901806985872,0.6179443036688546,8.52525762876473,0
6.202131806969595,16.723562997158293,0.7537541387693141,4.116604148307814,0
7.995089876922333,21.189656109344188,0.7777883739905191,10.22444943512243,0
7.014309257950289,17.445743582101965,0.4450914492535474,1.909345249919431,0
5.14512768728565,15.69856203821832,0.7696507038668823,3.7502945863204773,0
5.800597577649977,17.010288731384364,0.7897550179636352,4.14491205598385,0
6.464186316227538,18.71612713326708,0.7901258918481442,22.69922231961894,0
7.335049396703876,19.828188554828582,0.8609701938856693,3.34516721618668,0
6.655666499132257,17.946666963571865,0.7007392201280007,5.374450333594299,0
5.309596925566169,16.892831901293363,0.7617173269666827,1.8831210533321872,0
5.83431706432982,20.314974732527503,0.6453543283643117,11.989946740482681,1
7.597862461002551,18.69068538636132,0.6221209178816134,1.3821780512756279,0
5.919204637216245,17.890285940381244,0.8534860276664509,7.870796262949579,0
7.691310393539137,14.813301953998085,0.7791655890967637,2.5950427928743465,0
9.079680350263926,17.434302560129723,0.5386543294091044,2.6066454493354607,0
6.669973062713408,18.452389391529426,0.7911877285516983,9.041072407766844,0
6.172978581630254,15.161336855767136,0.6922177569875189,8.253344878090754,0
7.19406578518596,17.484714998190043,0.6564572735269395,10.235972472798906,0
7.0213776386098035,14.978145780978446,0.695052412943565,4.7700972054209,0
7.715594959929545,18.705205255444646,0.8744078823347865,7.52274688193652,0
5.771654198491,17.742364131438777,0.4304645253177232,2.9313958110514213,1
6.456590931809077,21.013162036770083,0.504584315065681,4.615887231556058,0
7.490031386551806,14.879192202071309,0.6327441466368258,2.8045408454408096,0
7.391288639040129,20.266925716164895,0.41378048935693146,10.250548212380417,0
5.056389373156719,19.69460519072465,0.3135609041339323,5.377421110794217,1
7.545455147345606,15.997846866089013,0.9478133346003447,5.357556602436767,0
7.8080180516075774,16.48923202955612,0.7242873087583386,13.766111422414536,0
7.369750489920484,15.636029939966901,0.4086781419786937,4.491302382583751,0
6.625539718692604,18.290515336846855,0.6827099825941942,3.0224094748244736,0
5.521167546694907,23.101050673597985,0.5282109996198366,2.331218489150105,1
7.484507219854287,18.71456266470959,0.7461289067728836,3.744721136946152,0
7.864385060801632,17.848863344736706,0.9400416177716401,3.4765932412407485,0
7.791142558728769,16.837792184693445,0.685672351506776,7.714080459425286,0
4.858682410419586,18.434621580260956,0.8938597217269577,5.596312625476134,1
6.302730830963054,17.60828255534869,0.4260413814132368,20.36103130915437,1
3.7615050046441985,17.32541760433475,0.7390955161287429,4.700881419451008,1
5.493809385251296,20.638667967892026,0.874669461100811,7.239370327394449,1
5.368884130769542,16.13006829191082,0.45326177445833987,2.949713725351994,1
6.87986800548004,16.190047840452067,0.2389940182134592,11.89488166274029,0
6.936125705571988,16.284514362206377,0.938756739868892,11.30920408449196,0
8.632291571572814,16.41402438804167,0.6781344110804797,10.554426759637298,0
8.175055227493669,19.138449966586247,0.620493147690016,2.212094236835246,0
7.767155261870419,17.324507603578564,0.6601459606749568,10.229480004509906,0
5.013093640102987,15.696004701536692,0.8748237283268191,10.067370544631062,1
5.911565874756674,19.853936633681496,0.39801815160417936,2.8291372408423756,1
5.044728768123252,20.13090062921803,0.800888259463041,19.434934760251277,1
7.472741799214968,16.672915455957288,0.9013887798525583,9.033123962589588,0
8.572642162394292,15.74756258096859,0.9372657166259944,5.461087465368401,0
6.501727218961224,15.139800961952195,0.794451079924312,1.8589206012244364,0
5.955516528489543,21.02253820055691,0.7753360835155946,6.447310680814844,1
5.6979310932378775,18.234353922581874,0.6997970138342905,1.9847081569248175,1
4.872649305337982,18.34918610241732,0.7527997603595719,8.973997558950412,1
5.792079852937853,15.55322106687969,0.6512017564668631,5.448707725448635,0
5.662752646459781,18.338342932956884,0.5204633574074101,12.761552978151464,0
5.438726945165747,17.4320895406593,0.6496435191377338,4.388742375454869,1
7.820572547424866,18.923737664169334,0.8502972991473384,4.276878495334019,0
8.628963183520964,20.39196644579119,0.7647803503836208,3.500039747903009,0
6.335788417867818,17.579539306188696,0.8419658305163492,9.920851928797006,0
7.6614078294063965,17.952324404979144,0.5647668524180085,7.618093337283947,0
6.945742597536097,17.017407627389844,0.8851272187857054,4.996821495628326,0
7.259379159524118,16.08642517358473,0.7836363230694142,7.518444647993591,0
6.691471317195273,14.205932401671253,0.8090718731181171,12.192500871524274,0
7.729007548701367,20.10208485690037,0.89042031702581,21.611044072475185,0
6.1117427342992015,16.90559999491249,0.7282020299754408,7.888852048461991,0
7.472396089334341,20.208556707499394,0.8446045363072409,1.4370165406370305,0
7.728686853586696,18.14155194437589,0.7156049238597607,3.92383987938282,0
6.3305614721805945,15.808575765283125,0.8029118037292086,8.720517092991997,0
6.261836565366296,17.908669268731597,0.7154149545804044,17.63563470168584,0
7.434811151729883,20.443403652508014,0.9083998159426322,7.2202814314318084,0
7.379674439374407,15.954919008023944,0.7556092887793505,10.363987041590185,0
7.571222562147206,16.05164044952276,0.7883957660556897,7.0669064956813195,0
5.70412993520136,19.439247582355005,0.4029856717115689,5.996164806739756,1
7.102661288931643,17.776039760216673,0.4888032705222377,9.734525777520307,0
6.943822111913493,16.811610121250325,0.7383860231797376,2.5569142931803617,0
7.476219478087476,17.188197109412062,0.9003274114150697,7.601887275807371,0
9.211111532090872,15.927564884741264,0.30826651277172623,4.873325630331515,0
7.605838122278948,14.107107669849025,0.5870870074370635,4.335818809675484,0
9.515511147713585,18.931027827204414,0.717157663505785,12.832608643564956,0
10.53793243988625,16.45371089314583,0.9343244231697615,7.662805253323551,0
8.400226718680871,20.392056130011643,0.8145386313138006,1.4634818473752096,0
6.753381793878449,16.249729816867927,0.8236017762473625,3.2874649832249805,0
6.709284817776379,22.98131314451969,0.7869334658177519,2.0111447442001316,0
7.019044112784868,18.088912270629635,0.7940183256171229,5.392890576043856,0
6.613322222337911,15.86197876157975,0.779757586088406,1.1751734873540347,0
9.03050187689789,20.74662691558982,0.48857462106600125,1.1058435179380615,0
7.216466208434695,20.510131694785557,0.5163088680366359,9.288174423463538,1
8.716753709649426,16.701857377975973,0.7807868596020235,4.5886157771399905,0
7.1096323082411015,19.389034582862262,0.6521896091272924,4.201860395315655,0
7.588438018186149,17.834640789895083,0.7088104495694855,9.992477109044497,0
6.968094916017064,19.22325444972435,0.6171271851515362,7.632564169021104,0
8.00603899327071,18.55889537787606,0.764536274301906,1.767118278579515,0
3.862552026901477,19.705556979103285,0.8540929823231938,9.058346783402335,1
7.677238158907706,17.306186597013987,0.8752520981312677,14.580058688503676,0
6.9680188931012745,17.226447511893475,0.7824971856861341,1.0235748655158667,0
8.289706544491894,15.932138230397637,0.8738064559503711,4.182320021828117,0
5.463609150611488,17.345023966892363,0.8190262326951002,10.60518151904947,1
5.813918895490286,17.471216298181336,0.5824941757954019,2.920899079231189,0
7.98095407279573,18.06052940472019,0.8604928201275893,0.770397341466013,0
5.373019147446096,21.412048538733412,0.9467222326828152,2.2641587873204365,1
6.815649701911387,18.923407384174844,0.603983557679506,9.853780414358988,0
5.227561451279737,19.88548439234928,0.8300136769700156,6.157121542477176,1
6.513909481243605,17.964661792046893,0.7305359388131885,6.166770871635163,0
7.074253579676441,16.10560956754141,0.4278852177385054,8.583227016231561,0
9.357292153653697,21.039970439528954,0.7931381366855517,4.844515572257194,0
7.493661251872643,18.45858300826517,0.9108976265064238,3.748277496337675,0
8.568285584401142,16.99151505354614,0.7515463631366208,4.634028358554104,0
7.31501262145225,13.526256814934689,0.507813111293732,2.5504258163181937,0
6.239507660670839,22.043091438433773,0.672915060172123,4.034188837644239,1
6.687699088984459,18.183733461841868,0.9130673372106942,2.4226924584891587,0
7.938124193085264,15.247353910872183,0.8254992594962735,4.799182582991282,0
5.875568712325977,18.14705360384797,0.6697022909951733,13.53715443630512,1
6.071490320786465,16.162939029995883,0.777444369347026,15.557029136859946,0
7.480094332513708,13.568427523982326,0.6159163964087292,11.89511581052607,0
6.387404987685971,13.531990400627826,0.7362496270055102,1.254840972387472,0
5.327291438138198,19.93198489608109,0.5356932547058322,2.0361606699404486,1
8.82147202259814,18.601680813459215,0.5898233394804833,8.71127918512493,0
6.726033820916717,21.35678048922342,0.8222517430355366,16.532745251664323,0
6.434375397690279,16.58060677864215,0.683203514684042,4.676494520153582,0
6.648909647382728,19.512850242493364,0.7468522432616653,3.7609734696003487,0
8.116556626131317,20.415950930261918,0.4684423692854487,4.736269821788504,0
6.4401485454170455,18.01249287885816,0.6980062524596038,9.648476920533914,0
6.757456170856956,14.926112249565275,0.5230020481650799,2.598958719148706,0
8.186442829433874,16.775722675750128,0.7805682119372969,3.978570994021737,0
7.088441503660873,16.836828497595622,0.8596469215555985,12.044758036349286,0
6.493186651661692,21.76548263326695,0.7763875644232535,2.109155258621998,0
7.761688122286126,15.827215322549929,0.9794130103976902,7.554973387081807,0
8.812424766978138,18.745113440937445,0.7538499573660082,8.42775030533603,0
5.487158448747624,21.253648171766212,0.8037437587822479,5.328070103553245,1
8.26082056616107,17.28490453957617,0.8556018559960754,16.565860840123975,0
6.314729340617413,19.712709704531648,0.3861036347793154,11.676042383478103,0
6.921432863062933,18.93332147851191,0.5982975039189942,8.066917380929613,0
9.198337622842253,16.932491648827103,0.8578288373494218,2.6121789640539195,0
